Дата,Температура
2008/01/10,-20
2008/01/11,-20
2008/01/12,-20
2008/01/13,-9
2008/01/14,-6
2008/01/15,-1
2008/01/16,-1
2008/01/17,-4
2008/01/18,-8
2008/01/19,-9
2008/01/20,-9
2008/01/21,-15
2008/01/22,-13
2008/01/23,-9
2008/01/24,-11
2008/01/25,-8
2008/01/26,-4
2008/01/27,-1
2008/01/28,-1
2008/01/29,-4
2008/01/30,-6
2008/01/31,-7
2008/02/1,-11
2008/02/2,-12
2008/02/3,-6
2008/02/4,-3
2008/02/5,-1
2008/02/6,-6
2008/02/7,-8
2008/02/8,-10
2008/02/9,-14
2008/02/10,-12
2008/02/11,-3
2008/02/12,-5
2008/02/13,-4
2008/02/14,-6
2008/02/15,-13
2008/02/16,-10
2008/02/17,-11
2008/02/18,-14
2008/02/19,-13
2008/02/20,-8
2008/02/21,-8
2008/02/22,-7
2008/02/23,+1
2008/02/24,+3
2008/02/25,0
2008/02/26,0
2008/02/27,+2
2008/02/28,+2
2008/02/29,+2
2008/03/1,+3
2008/03/2,+2
2008/03/3,+2
2008/03/4,+1
2008/03/5,+1
2008/03/6,+1
2008/03/7,+2
2008/03/8,+2
2008/03/9,+1
2008/03/10,-2
2008/03/11,0
2008/03/12,0
2008/03/13,+3
2008/03/14,+4
2008/03/15,+4
2008/03/16,0
2008/03/17,+2
2008/03/18,0
2008/03/19,+4
2008/03/20,+4
2008/03/21,+5
2008/03/22,+2
2008/03/23,+3
2008/03/24,+4
2008/03/25,+10
2008/03/26,+15
2008/03/27,+12
2008/03/28,+8
2008/03/29,+9
2008/03/30,+7
2008/03/31,+10
2008/04/1,+11
2008/04/2,+10
2008/04/3,+15
2008/04/4,+17
2008/04/5,+17
2008/04/6,+20
2008/04/7,+20
2008/04/8,+19
2008/04/9,+20
2008/04/10,+21
2008/04/11,+22
2008/04/12,+21
2008/04/13,+20
2008/04/14,+9
2008/04/15,+8
2008/04/16,+8
2008/04/17,+11
2008/04/18,+12
2008/04/19,+12
2008/04/20,+15
2008/04/21,+19
2008/04/22,+18
2008/04/23,+9
2008/04/24,+4
2008/04/25,+13
2008/04/26,+16
2008/04/27,+14
2008/04/28,+15
2008/04/29,+17
2008/04/30,+20
2008/05/1,+21
2008/05/2,+14
2008/05/3,+13
2008/05/4,+15
2008/05/5,+17
2008/05/6,+19
2008/05/7,+20
2008/05/8,+20
2008/05/9,+19
2008/05/10,+20
2008/05/11,+24
2008/05/12,+24
2008/05/13,+21
2008/05/14,+12
2008/05/15,+10
2008/05/16,+13
2008/05/17,+21
2008/05/18,+22
2008/05/19,+27
2008/05/20,+29
2008/05/21,+29
2008/05/22,+29
2008/05/23,+18
2008/05/24,+20
2008/05/25,+25
2008/05/26,+22
2008/05/27,+17
2008/05/28,+10
2008/05/29,+11
2008/05/30,+19
2008/05/31,+12
2008/06/1,+16
2008/06/2,+13
2008/06/3,+19
2008/06/4,+19
2008/06/5,+16
2008/06/6,+14
2008/06/7,+12
2008/06/8,+9
2008/06/9,+14
2008/06/10,+21
2008/06/11,+20
2008/06/12,+28
2008/06/13,+27
2008/06/14,+26
2008/06/15,+27
2008/06/16,+30
2008/06/17,+25
2008/06/18,+27
2008/06/19,+27
2008/06/20,+23
2008/06/21,+26
2008/06/22,+31
2008/06/23,+25
2008/06/24,+22
2008/06/25,+17
2008/06/26,+20
2008/06/27,+20
2008/06/28,+23
2008/06/29,+21
2008/06/30,+21
2008/07/1,+19
2008/07/2,+21
2008/07/3,+21
2008/07/4,+23
2008/07/5,+24
2008/07/6,+27
2008/07/7,+28
2008/07/8,+24
2008/07/9,+26
2008/07/10,+26
2008/07/11,+28
2008/07/12,+21
2008/07/13,+23
2008/07/14,+27
2008/07/15,+30
2008/07/16,+32
2008/07/17,+32
2008/07/18,+31
2008/07/19,+31
2008/07/20,+31
2008/07/21,+25
2008/07/22,+28
2008/07/23,+32
2008/07/24,+31
2008/07/25,+27
2008/07/26,+26
2008/07/27,+22
2008/07/28,+15
2008/07/29,+24
2008/07/30,+21
2008/07/31,+23
2008/08/1,+23
2008/08/2,+24
2008/08/3,+25
2008/08/4,+23
2008/08/5,+24
2008/08/6,+21
2008/08/7,+17
2008/08/8,+13
2008/08/9,+20
2008/08/10,+23
2008/08/11,+30
2008/08/12,+31
2008/08/13,+33
2008/08/14,+33
2008/08/15,+33
2008/08/16,+35
2008/08/17,+32
2008/08/18,+32
2008/08/19,+33
2008/08/20,+35
2008/08/21,+23
2008/08/22,+27
2008/08/23,+25
2008/08/24,+27
2008/08/25,+28
2008/08/26,+30
2008/08/27,+22
2008/08/28,+19
2008/08/29,+25
2008/08/30,+24
2008/08/31,+18
2008/09/1,+13
2008/09/2,+15
2008/09/3,+14
2008/09/4,+20
2008/09/5,+26
2008/09/6,+29
2008/09/7,+30
2008/09/8,+29
2008/09/9,+29
2008/09/10,+18
2008/09/11,+16
2008/09/12,+13
2008/09/13,+15
2008/09/14,+15
2008/09/15,+11
2008/09/16,+8
2008/09/17,+10
2008/09/18,+12
2008/09/19,+14
2008/09/20,+14
2008/09/21,+14
2008/09/22,+15
2008/09/23,+15
2008/09/24,+15
2008/09/25,+13
2008/09/26,+10
2008/09/27,+6
2008/09/28,+7
2008/09/29,+14
2008/09/30,+14
2008/10/1,+15
2008/10/2,+17
2008/10/3,+20
2008/10/4,+21
2008/10/5,+21
2008/10/6,+21
2008/10/7,+21
2008/10/8,+21
2008/10/9,+9
2008/10/10,+6
2008/10/11,+5
2008/10/12,+7
2008/10/13,+12
2008/10/14,+12
2008/10/15,+13
2008/10/16,+10
2008/10/17,+11
2008/10/18,+10
2008/10/19,+7
2008/10/20,+8
2008/10/21,+8
2008/10/22,+9
2008/10/23,+11
2008/10/24,+11
2008/10/25,+8
2008/10/26,+9
2008/10/27,+9
2008/10/28,+8
2008/10/29,+9
2008/10/30,+11
2008/10/31,+13
2008/11/1,+13
2008/11/2,+11
2008/11/3,+6
2008/11/4,+4
2008/11/5,+6
2008/11/6,+2
2008/11/7,-1
2008/11/8,-1
2008/11/9,+2
2008/11/10,+5
2008/11/11,+4
2008/11/12,+7
2008/11/13,+7
2008/11/14,+4
2008/11/15,+6
2008/11/16,+4
2008/11/17,+6
2008/11/18,+7
2008/11/19,+1
2008/11/20,0
2008/11/21,+4
2008/11/22,+7
2008/11/23,+10
2008/11/24,+4
2008/11/25,+1
2008/11/26,0
2008/11/27,+1
2008/11/28,+1
2008/11/29,+2
2008/11/30,+2
2008/12/1,+3
2008/12/2,+1
2008/12/3,+1
2008/12/4,0
2008/12/5,+2
2008/12/6,+2
2008/12/7,+4
2008/12/8,+5
2008/12/9,+3
2008/12/10,0
2008/12/11,0
2008/12/12,0
2008/12/13,-3
2008/12/14,-4
2008/12/15,-8
2008/12/16,-9
2008/12/17,-7
2008/12/18,-10
2008/12/19,-13
2008/12/20,-13
2008/12/21,-12
2008/12/22,-11
2008/12/23,-12
2008/12/24,-9
2008/12/25,-9
2008/12/26,-8
2008/12/27,-9
2008/12/28,-8
2008/12/29,-8
2008/12/30,-8
2008/12/31,-8
2009/01/1,-10
2009/01/2,-8
2009/01/3,-14
2009/01/4,-16
2009/01/5,-12
2009/01/6,-15
2009/01/7,-16
2009/01/8,-15
2009/01/9,-13
2009/01/10,-16
2009/01/11,-20
2009/01/12,-18
2009/01/13,-16
2009/01/14,-4
2009/01/15,-2
2009/01/16,-5
2009/01/17,-4
2009/01/18,-7
2009/01/19,-5
2009/01/20,-7
2009/01/21,-5
2009/01/22,-7
2009/01/23,-7
2009/01/24,-7
2009/01/25,-4
2009/01/26,-6
2009/01/27,-4
2009/01/28,-5
2009/01/29,-7
2009/01/30,-9
2009/01/31,-8
2009/02/1,-6
2009/02/2,-8
2009/02/3,-8
2009/02/4,-8
2009/02/5,-5
2009/02/6,-7
2009/02/7,-17
2009/02/8,-11
2009/02/9,-6
2009/02/10,-8
2009/02/11,-4
2009/02/12,-5
2009/02/13,-5
2009/02/14,-2
2009/02/15,-2
2009/02/16,-2
2009/02/17,-3
2009/02/18,-3
2009/02/19,-3
2009/02/20,-3
2009/02/21,-8
2009/02/22,-8
2009/02/23,-7
2009/02/24,-4
2009/02/25,-5
2009/02/26,-5
2009/02/27,-5
2009/02/28,-3
2009/03/1,+1
2009/03/2,-1
2009/03/3,-1
2009/03/4,+1
2009/03/5,0
2009/03/6,-2
2009/03/7,-2
2009/03/8,-3
2009/03/9,-3
2009/03/10,+1
2009/03/11,+1
2009/03/12,+1
2009/03/13,0
2009/03/14,-1
2009/03/15,-2
2009/03/16,+2
2009/03/17,+1
2009/03/18,+2
2009/03/19,+1
2009/03/20,+2
2009/03/21,+3
2009/03/22,+1
2009/03/23,-1
2009/03/24,-1
2009/03/25,+5
2009/03/26,+7
2009/03/27,+3
2009/03/28,+12
2009/03/29,+11
2009/03/30,+16
2009/03/31,+16
2009/04/1,+16
2009/04/2,+6
2009/04/3,+1
2009/04/4,+1
2009/04/5,+2
2009/04/6,+4
2009/04/7,+4
2009/04/8,+1
2009/04/9,0
2009/04/10,+2
2009/04/11,+6
2009/04/12,+7
2009/04/13,+9
2009/04/14,+9
2009/04/15,+12
2009/04/16,+14
2009/04/17,+3
2009/04/18,+16
2009/04/19,+2
2009/04/20,+3
2009/04/21,+4
2009/04/22,0
2009/04/23,+4
2009/04/24,+9
2009/04/25,+8
2009/04/26,+10
2009/04/27,+21
2009/04/28,+23
2009/04/29,+24
2009/04/30,+26
2009/05/1,+12
2009/05/2,+13
2009/05/3,+19
2009/05/4,+21
2009/05/5,+24
2009/05/6,+23
2009/05/7,+22
2009/05/8,+25
2009/05/9,+20
2009/05/10,+24
2009/05/11,+24
2009/05/12,+21
2009/05/13,+21
2009/05/14,+19
2009/05/15,+15
2009/05/16,+12
2009/05/17,+10
2009/05/18,+11
2009/05/19,+12
2009/05/20,+19
2009/05/21,+16
2009/05/22,+16
2009/05/23,+17
2009/05/24,+23
2009/05/25,+11
2009/05/26,+18
2009/05/27,+22
2009/05/28,+24
2009/05/29,+25
2009/05/30,+28
2009/05/31,+23
2009/06/1,+22
2009/06/2,+27
2009/06/3,+28
2009/06/4,+30
2009/06/5,+26
2009/06/6,+28
2009/06/7,+24
2009/06/8,+25
2009/06/9,+30
2009/06/10,+26
2009/06/11,+28
2009/06/12,+31
2009/06/13,+35
2009/06/14,+35
2009/06/15,+36
2009/06/16,+34
2009/06/17,+29
2009/06/18,+28
2009/06/19,+19
2009/06/20,+23
2009/06/21,+30
2009/06/22,+31
2009/06/23,+27
2009/06/24,+23
2009/06/25,+23
2009/06/26,+26
2009/06/27,+25
2009/06/28,+27
2009/06/29,+28
2009/06/30,+21
2009/07/1,+20
2009/07/2,+24
2009/07/3,+25
2009/07/4,+20
2009/07/5,+18
2009/07/6,+18
2009/07/7,+14
2009/07/8,+22
2009/07/9,+25
2009/07/10,+21
2009/07/11,+28
2009/07/12,+29
2009/07/13,+29
2009/07/14,+31
2009/07/15,+32
2009/07/16,+29
2009/07/17,+29
2009/07/18,+31
2009/07/19,+31
2009/07/20,+30
2009/07/21,+31
2009/07/22,+27
2009/07/23,+20
2009/07/24,+26
2009/07/25,+27
2009/07/26,+30
2009/07/27,+30
2009/07/28,+30
2009/07/29,+33
2009/07/30,+29
2009/07/31,+24
2009/08/1,+27
2009/08/2,+25
2009/08/3,+26
2009/08/4,+29
2009/08/5,+24
2009/08/6,+20
2009/08/7,+19
2009/08/8,+16
2009/08/9,+16
2009/08/10,+20
2009/08/11,+25
2009/08/12,+28
2009/08/13,+21
2009/08/14,+19
2009/08/15,+23
2009/08/16,+23
2009/08/17,+23
2009/08/18,+29
2009/08/19,+31
2009/08/20,+25
2009/08/21,+25
2009/08/22,+15
2009/08/23,+20
2009/08/24,+20
2009/08/25,+21
2009/08/26,+22
2009/08/27,+23
2009/08/28,+21
2009/08/29,+23
2009/08/30,+21
2009/08/31,+23
2009/09/1,+23
2009/09/2,+26
2009/09/3,+27
2009/09/4,+27
2009/09/5,+26
2009/09/6,+28
2009/09/7,+28
2009/09/8,+28
2009/09/9,+26
2009/09/10,+19
2009/09/11,+24
2009/09/12,+21
2009/09/13,+21
2009/09/14,+25
2009/09/15,+21
2009/09/16,+17
2009/09/17,+17
2009/09/18,+15
2009/09/19,+13
2009/09/20,+14
2009/09/21,+14
2009/09/22,+18
2009/09/23,+18
2009/09/24,+17
2009/09/25,+13
2009/09/26,+13
2009/09/27,+17
2009/09/28,+15
2009/09/29,+13
2009/09/30,+13
2009/10/1,+9
2009/10/2,+12
2009/10/3,+11
2009/10/4,+12
2009/10/5,+11
2009/10/6,+12
2009/10/7,+8
2009/10/8,+11
2009/10/9,+17
2009/10/10,+9
2009/10/11,+10
2009/10/12,+10
2009/10/13,+18
2009/10/14,+20
2009/10/15,+19
2009/10/16,+17
2009/10/17,+18
2009/10/18,+18
2009/10/19,+21
2009/10/20,+17
2009/10/21,+10
2009/10/22,+11
2009/10/23,+7
2009/10/24,+6
2009/10/25,+3
2009/10/26,+2
2009/10/27,+3
2009/10/28,+6
2009/10/29,+3
2009/10/30,+6
2009/10/31,+1
2009/11/1,0
2009/11/2,-1
2009/11/3,-3
2009/11/4,-4
2009/11/5,-3
2009/11/6,0
2009/11/7,-3
2009/11/8,-1
2009/11/9,-1
2009/11/10,+1
2009/11/11,0
2009/11/12,+3
2009/11/13,+4
2009/11/14,+2
2009/11/15,+1
2009/11/16,+1
2009/11/17,0
2009/11/18,-1
2009/11/19,0
2009/11/20,+1
2009/11/21,+1
2009/11/22,0
2009/11/23,+1
2009/11/24,+1
2009/11/25,+3
2009/11/26,+3
2009/11/27,+4
2009/11/28,+5
2009/11/29,+7
2009/11/30,+3
2009/12/1,+3
2009/12/2,+1
2009/12/3,+1
2009/12/4,0
2009/12/5,-3
2009/12/6,-8
2009/12/7,-12
2009/12/8,-9
2009/12/9,-8
2009/12/10,-7
2009/12/11,-10
2009/12/12,-10
2009/12/13,-9
2009/12/14,-11
2009/12/15,-23
2009/12/16,-24
2009/12/17,-25
2009/12/18,-22
2009/12/19,-13
2009/12/20,-15
2009/12/21,-11
2009/12/22,-7
2009/12/23,-12
2009/12/24,-9
2009/12/25,-4
2009/12/26,-3
2009/12/27,-2
2009/12/28,+1
2009/12/29,-2
2009/12/30,-2
2009/12/31,-2
2010/01/1,-4
2010/01/2,-5
2010/01/3,-3
2010/01/4,-17
2010/01/5,-19
2010/01/6,-18
2010/01/7,-17
2010/01/8,-20
2010/01/9,-8
2010/01/10,-12
2010/01/11,-14
2010/01/12,-11
2010/01/13,-7
2010/01/14,-8
2010/01/15,-14
2010/01/16,-17
2010/01/17,-17
2010/01/18,-18
2010/01/19,-17
2010/01/20,-17
2010/01/21,-15
2010/01/22,-20
2010/01/23,-22
2010/01/24,-19
2010/01/25,-14
2010/01/26,-7
2010/01/27,-12
2010/01/28,-14
2010/01/29,-15
2010/01/30,-16
2010/01/31,-7
2010/02/1,-5
2010/02/2,-7
2010/02/3,-11
2010/02/4,-9
2010/02/5,-9
2010/02/6,-10
2010/02/7,-11
2010/02/8,-13
2010/02/9,-14
2010/02/10,-15
2010/02/11,-16
2010/02/12,-12
2010/02/13,-10
2010/02/14,-10
2010/02/15,-10
2010/02/16,-7
2010/02/17,-6
2010/02/18,-9
2010/02/19,-11
2010/02/20,-4
2010/02/21,-12
2010/02/22,-9
2010/02/23,-7
2010/02/24,-5
2010/02/25,-3
2010/02/26,-3
2010/02/27,-3
2010/02/28,-6
2010/03/1,-8
2010/03/2,-6
2010/03/3,-4
2010/03/4,-4
2010/03/5,0
2010/03/6,-5
2010/03/7,-4
2010/03/8,-3
2010/03/9,-6
2010/03/10,-4
2010/03/11,-3
2010/03/12,-1
2010/03/13,0
2010/03/14,0
2010/03/15,0
2010/03/16,+1
2010/03/17,-5
2010/03/18,-4
2010/03/19,-7
2010/03/20,-2
2010/03/21,+3
2010/03/22,+3
2010/03/23,+2
2010/03/24,+1
2010/03/25,0
2010/03/26,0
2010/03/27,+1
2010/03/28,+4
2010/03/29,+5
2010/03/30,+5
2010/03/31,+8
2010/04/1,+10
2010/04/2,+9
2010/04/3,+8
2010/04/4,+12
2010/04/5,+11
2010/04/6,+12
2010/04/7,+4
2010/04/8,+4
2010/04/9,+6
2010/04/10,+9
2010/04/11,+9
2010/04/12,+12
2010/04/13,+9
2010/04/14,+8
2010/04/15,+11
2010/04/16,+13
2010/04/17,+17
2010/04/18,+13
2010/04/19,+17
2010/04/20,+20
2010/04/21,+21
2010/04/22,+23
2010/04/23,+18
2010/04/24,+14
2010/04/25,+17
2010/04/26,+11
2010/04/27,+5
2010/04/28,+11
2010/04/29,+15
2010/04/30,+17
2010/05/1,+17
2010/05/2,+20
2010/05/3,+21
2010/05/4,+26
2010/05/5,+28
2010/05/6,+29
2010/05/7,+30
2010/05/8,+27
2010/05/9,+26
2010/05/10,+24
2010/05/11,+24
2010/05/12,+25
2010/05/13,+22
2010/05/14,+25
2010/05/15,+20
2010/05/16,+26
2010/05/17,+26
2010/05/18,+21
2010/05/19,+22
2010/05/20,+20
2010/05/21,+18
2010/05/22,+21
2010/05/23,+24
2010/05/24,+26
2010/05/25,+24
2010/05/26,+19
2010/05/27,+15
2010/05/28,+13
2010/05/29,+13
2010/05/30,+20
2010/05/31,+23
2010/06/1,+26
2010/06/2,+28
2010/06/3,+31
2010/06/4,+33
2010/06/5,+30
2010/06/6,+20
2010/06/7,+22
2010/06/8,+25
2010/06/9,+29
2010/06/10,+19
2010/06/11,+22
2010/06/12,+27
2010/06/13,+34
2010/06/14,+24
2010/06/15,+27
2010/06/16,+29
2010/06/17,+27
2010/06/18,+22
2010/06/19,+20
2010/06/20,+25
2010/06/21,+26
2010/06/22,+28
2010/06/23,+32
2010/06/24,+33
2010/06/25,+35
2010/06/26,+35
2010/06/27,+36
2010/06/28,+36
2010/06/29,+30
2010/06/30,+25
2010/07/1,+27
2010/07/2,+27
2010/07/3,+29
2010/07/4,+30
2010/07/5,+31
2010/07/6,+30
2010/07/7,+31
2010/07/8,+32
2010/07/9,+34
2010/07/10,+35
2010/07/11,+36
2010/07/12,+33
2010/07/13,+27
2010/07/14,+26
2010/07/15,+26
2010/07/16,+31
2010/07/17,+35
2010/07/18,+35
2010/07/19,+28
2010/07/20,+29
2010/07/21,+34
2010/07/22,+35
2010/07/23,+35
2010/07/24,+37
2010/07/25,+36
2010/07/26,+38
2010/07/27,+35
2010/07/28,+36
2010/07/29,+38
2010/07/30,+38
2010/07/31,+38
2010/08/1,+39
2010/08/2,+40
2010/08/3,+38
2010/08/4,+36
2010/08/5,+35
2010/08/6,+36
2010/08/7,+37
2010/08/8,+37
2010/08/9,+34
2010/08/10,+35
2010/08/11,+34
2010/08/12,+36
2010/08/13,+36
2010/08/14,+32
2010/08/15,+27
2010/08/16,+29
2010/08/17,+29
2010/08/18,+29
2010/08/19,+31
2010/08/20,+27
2010/08/21,+12
2010/08/22,+18
2010/08/23,+25
2010/08/24,+23
2010/08/25,+27
2010/08/26,+31
2010/08/27,+23
2010/08/28,+24
2010/08/29,+32
2010/08/30,+28
2010/08/31,+20
2010/09/1,+19
2010/09/2,+29
2010/09/3,+29
2010/09/4,+23
2010/09/5,+19
2010/09/6,+19
2010/09/7,+13
2010/09/8,+15
2010/09/9,+17
2010/09/10,+18
2010/09/11,+17
2010/09/12,+20
2010/09/13,+15
2010/09/14,+17
2010/09/15,+19
2010/09/16,+23
2010/09/17,+25
2010/09/18,+25
2010/09/19,+25
2010/09/20,+26
2010/09/21,+26
2010/09/22,+24
2010/09/23,+16
2010/09/24,+12
2010/09/25,+13
2010/09/26,+19
2010/09/27,+20
2010/09/28,+20
2010/09/29,+21
2010/09/30,+6
2010/10/1,+7
2010/10/2,+9
2010/10/3,+6
2010/10/4,+5
2010/10/5,+3
2010/10/6,+5
2010/10/7,+11
2010/10/8,+13
2010/10/9,+14
2010/10/10,+14
2010/10/11,+14
2010/10/12,+14
2010/10/13,+4
2010/10/14,+2
2010/10/15,+6
2010/10/16,+10
2010/10/17,+5
2010/10/18,+7
2010/10/19,+5
2010/10/20,+7
2010/10/21,+1
2010/10/22,+6
2010/10/23,+8
2010/10/24,+8
2010/10/25,+8
2010/10/26,+8
2010/10/27,+8
2010/10/28,+7
2010/10/29,+3
2010/10/30,+1
2010/10/31,+1
2010/11/1,0
2010/11/2,+3
2010/11/3,+6
2010/11/4,+8
2010/11/5,+8
2010/11/6,+4
2010/11/7,+2
2010/11/8,+5
2010/11/9,+3
2010/11/10,+7
2010/11/11,+8
2010/11/12,+6
2010/11/13,+8
2010/11/14,+9
2010/11/15,+7
2010/11/16,+13
2010/11/17,+9
2010/11/18,+1
2010/11/19,+1
2010/11/20,+1
2010/11/21,-5
2010/11/22,-4
2010/11/23,0
2010/11/24,+2
2010/11/25,+8
2010/11/26,+3
2010/11/27,-1
2010/11/28,-1
2010/11/29,-2
2010/11/30,+1
2010/12/1,-17
2010/12/2,-19
2010/12/3,-16
2010/12/4,-7
2010/12/5,-2
2010/12/6,0
2010/12/7,-6
2010/12/8,-4
2010/12/9,-1
2010/12/10,0
2010/12/11,+2
2010/12/12,-3
2010/12/13,-3
2010/12/14,-2
2010/12/15,-3
2010/12/16,-5
2010/12/17,-4
2010/12/18,-11
2010/12/19,-11
2010/12/20,-12
2010/12/21,-5
2010/12/22,-2
2010/12/23,-5
2010/12/24,-10
2010/12/25,-2
2010/12/26,+2
2010/12/27,+3
2010/12/28,+1
2010/12/29,-5
2010/12/30,+1
2010/12/31,-2
2011/01/1,-6
2011/01/2,-6
2011/01/3,-8
2011/01/4,-11
2011/01/5,-6
2011/01/6,-8
2011/01/7,-12
2011/01/8,-15
2011/01/9,-15
2011/01/10,-13
2011/01/11,-12
2011/01/12,-8
2011/01/13,-11
2011/01/14,+10
2011/01/15,-5
2011/01/16,-9
2011/01/17,-9
2011/01/18,-14
2011/01/19,-13
2011/01/20,-14
2011/01/21,-17
2011/01/22,-16
2011/01/23,-14
2011/01/24,-10
2011/01/25,-5
2011/01/26,-6
2011/01/27,-5
2011/01/28,-11
2011/01/29,-10
2011/01/30,-7
2011/01/31,-7
2011/02/1,-10
2011/02/2,-11
2011/02/3,-14
2011/02/4,-7
2011/02/5,-5
2011/02/6,-5
2011/02/7,-5
2011/02/8,-7
2011/02/9,-7
2011/02/10,-7
2011/02/11,-15
2011/02/12,-15
2011/02/13,-11
2011/02/14,-12
2011/02/15,-15
2011/02/16,-17
2011/02/17,-19
2011/02/18,-18
2011/02/19,-18
2011/02/20,-17
2011/02/21,-19
2011/02/22,-16
2011/02/23,-14
2011/02/24,-13
2011/02/25,-14
2011/02/26,-13
2011/02/27,-13
2011/02/28,-10
2011/03/1,-8
2011/03/2,-10
2011/03/3,-10
2011/03/4,-12
2011/03/5,-7
2011/03/6,0
2011/03/7,-1
2011/03/8,-2
2011/03/9,-3
2011/03/10,-1
2011/03/11,-3
2011/03/12,-3
2011/03/13,-5
2011/03/14,0
2011/03/15,+1
2011/03/16,+1
2011/03/17,+1
2011/03/18,-1
2011/03/19,-1
2011/03/20,-3
2011/03/21,-1
2011/03/22,-2
2011/03/23,+1
2011/03/24,+1
2011/03/25,-3
2011/03/26,-2
2011/03/27,-3
2011/03/28,-2
2011/03/29,-3
2011/03/30,+2
2011/03/31,+5
2011/04/1,+1
2011/04/2,+2
2011/04/3,+3
2011/04/4,+7
2011/04/5,+8
2011/04/6,+8
2011/04/7,+8
2011/04/8,+4
2011/04/9,+4
2011/04/10,+5
2011/04/11,+7
2011/04/12,+8
2011/04/13,+7
2011/04/14,+7
2011/04/15,+5
2011/04/16,+7
2011/04/17,+8
2011/04/18,+11
2011/04/19,+5
2011/04/20,+5
2011/04/21,+4
2011/04/22,+9
2011/04/23,+15
2011/04/24,+13
2011/04/25,+15
2011/04/26,+11
2011/04/27,+15
2011/04/28,+17
2011/04/29,+21
2011/04/30,+21
2011/05/1,+14
2011/05/2,+19
2011/05/3,+17
2011/05/4,+14
2011/05/5,+17
2011/05/6,+16
2011/05/7,+18
2011/05/8,+23
2011/05/9,+24
2011/05/10,+23
2011/05/11,+21
2011/05/12,+12
2011/05/13,+12
2011/05/14,+14
2011/05/15,+15
2011/05/16,+20
2011/05/17,+22
2011/05/18,+21
2011/05/19,+21
2011/05/20,+21
2011/05/21,+26
2011/05/22,+26
2011/05/23,+25
2011/05/24,+22
2011/05/25,+21
2011/05/26,+22
2011/05/27,+15
2011/05/28,+15
2011/05/29,+21
2011/05/30,+26
2011/05/31,+25
2011/06/1,+22
2011/06/2,+25
2011/06/3,+27
2011/06/4,+17
2011/06/5,+15
2011/06/6,+18
2011/06/7,+14
2011/06/8,+17
2011/06/9,+17
2011/06/10,+17
2011/06/11,+17
2011/06/12,+16
2011/06/13,+20
2011/06/14,+19
2011/06/15,+21
2011/06/16,+21
2011/06/17,+19
2011/06/18,+19
2011/06/20,+25
2011/06/21,+20
2011/06/22,+20
2011/06/23,+17
2011/06/24,+19
2011/06/25,+23
2011/06/26,+20
2011/06/27,+23
2011/06/28,+27
2011/06/29,+29
2011/06/30,+28
2011/07/1,+26
2011/07/2,+29
2011/07/3,+31
2011/07/4,+33
2011/07/5,+33
2011/07/6,+29
2011/07/7,+32
2011/07/8,+35
2011/07/9,+30
2011/07/10,+21
2011/07/11,+22
2011/07/12,+24
2011/07/13,+27
2011/07/14,+26
2011/07/15,+27
2011/07/16,+27
2011/07/17,+28
2011/07/18,+30
2011/07/19,+32
2011/07/20,+31
2011/07/21,+30
2011/07/22,+27
2011/07/23,+29
2011/07/24,+31
2011/07/25,+32
2011/07/26,+36
2011/07/27,+27
2011/07/28,+32
2011/07/29,+34
2011/07/30,+31
2011/07/31,+29
2011/08/1,+21
2011/08/2,+18
2011/08/3,+21
2011/08/4,+22
2011/08/5,+19
2011/08/6,+22
2011/08/7,+23
2011/08/8,+27
2011/08/9,+29
2011/08/10,+32
2011/08/11,+31
2011/08/12,+34
2011/08/13,+28
2011/08/14,+29
2011/08/15,+33
2011/08/16,+31
2011/08/17,+25
2011/08/18,+23
2011/08/19,+22
2011/08/20,+19
2011/08/21,+22
2011/08/22,+14
2011/08/23,+18
2011/08/24,+13
2011/08/25,+18
2011/08/26,+22
2011/08/27,+22
2011/08/28,+20
2011/08/29,+21
2011/08/30,+27
2011/08/31,+30
2011/09/1,+29
2011/09/2,+28
2011/09/3,+22
2011/09/4,+21
2011/09/5,+19
2011/09/6,+18
2011/09/7,+13
2011/09/8,+14
2011/09/9,+20
2011/09/10,+16
2011/09/11,+16
2011/09/12,+14
2011/09/13,+15
2011/09/14,+17
2011/09/15,+22
2011/09/16,+15
2011/09/17,+17
2011/09/18,+15
2011/09/19,+15
2011/09/20,+14
2011/09/21,+10
2011/09/22,+10
2011/09/23,+13
2011/09/24,+20
2011/09/25,+10
2011/09/26,+11
2011/09/27,+9
2011/09/28,+9
2011/09/29,+10
2011/09/30,+13
2011/10/1,+12
2011/10/2,+7
2011/10/3,+10
2011/10/4,+9
2011/10/5,+9
2011/10/6,+12
2011/10/7,+14
2011/10/8,+16
2011/10/9,+17
2011/10/10,+17
2011/10/11,+15
2011/10/12,+17
2011/10/13,+19
2011/10/14,+11
2011/10/15,+10
2011/10/16,+6
2011/10/17,+6
2011/10/18,+7
2011/10/19,+9
2011/10/20,+12
2011/10/21,+15
2011/10/22,+8
2011/10/23,+8
2011/10/24,+4
2011/10/25,+4
2011/10/26,+3
2011/10/27,+3
2011/10/28,+1
2011/10/29,+1
2011/10/30,+3
2011/10/31,+7
2011/11/1,+7
2011/11/2,+6
2011/11/3,+5
2011/11/4,+1
2011/11/5,-7
2011/11/6,-9
2011/11/7,-5
2011/11/8,-3
2011/11/9,-4
2011/11/10,0
2011/11/11,-1
2011/11/12,-2
2011/11/13,-3
2011/11/14,-2
2011/11/15,-2
2011/11/16,-6
2011/11/17,-6
2011/11/18,-5
2011/11/19,-5
2011/11/20,0
2011/11/21,-4
2011/11/22,-7
2011/11/23,-12
2011/11/24,-13
2011/11/25,-8
2011/11/26,-5
2011/11/27,-9
2011/11/28,-5
2011/11/29,-5
2011/11/30,-1
2011/12/1,-5
2011/12/2,-6
2011/12/3,-4
2011/12/4,-6
2011/12/5,-1
2011/12/6,0
2011/12/7,-7
2011/12/8,-10
2011/12/9,-7
2011/12/10,-12
2011/12/11,-14
2011/12/12,-9
2011/12/13,-5
2011/12/14,-11
2011/12/15,-8
2011/12/16,-9
2011/12/17,-13
2011/12/18,-12
2011/12/19,-11
2011/12/20,-8
2011/12/21,-7
2011/12/22,-10
2011/12/23,-9
2011/12/24,-5
2011/12/25,-8
2011/12/26,-8
2011/12/27,0
2011/12/28,+1
2011/12/29,-3
2011/12/30,-3
2011/12/31,-8
2012/01/1,-5
2012/01/2,-6
2012/01/3,-6
2012/01/4,-11
2012/01/5,-4
2012/01/6,-1
2012/01/7,-8
2012/01/8,-10
2012/01/9,-11
2012/01/10,-11
2012/01/11,-10
2012/01/12,-10
2012/01/13,-4
2012/01/14,-3
2012/01/15,-3
2012/01/16,-6
2012/01/17,-4
2012/01/18,-7
2012/01/19,-11
2012/01/20,-13
2012/01/21,-14
2012/01/22,-12
2012/01/23,-9
2012/01/24,-6
2012/01/25,-6
2012/01/26,-8
2012/01/27,-9
2012/01/28,-10
2012/01/29,-10
2012/01/30,-16
2012/01/31,-17
2012/02/1,-19
2012/02/2,-19
2012/02/3,-19
2012/02/4,-15
2012/02/5,-14
2012/02/7,-13
2012/02/8,-13
2012/02/9,-12
2012/02/10,-17
2012/02/11,-14
2012/02/12,-17
2012/02/13,-17
2012/02/14,-13
2012/02/15,-11
2012/02/16,-10
2012/02/17,-8
2012/02/18,-9
2012/02/19,-6
2012/02/20,-6
2012/02/21,-5
2012/02/22,-10
2012/02/23,-8
2012/02/24,-8
2012/02/25,-10
2012/02/26,-9
2012/02/27,-9
2012/02/28,-3
2012/02/29,-1
2012/03/1,-3
2012/03/2,-3
2012/03/3,-4
2012/03/4,-3
2012/03/5,-3
2012/03/6,-3
2012/03/7,-6
2012/03/8,-7
2012/03/9,-6
2012/03/10,-13
2012/03/11,-10
2012/03/12,-12
2012/03/13,-11
2012/03/14,-5
2012/03/15,-1
2012/03/16,-3
2012/03/17,-6
2012/03/18,+1
2012/03/19,+6
2012/03/20,0
2012/03/21,+1
2012/03/22,+3
2012/03/23,0
2012/03/24,-2
2012/03/25,-1
2012/03/26,-3
2012/03/27,0
2012/03/28,-3
2012/03/29,-2
2012/03/30,+2
2012/03/31,+3
2012/04/1,+3
2012/04/2,+4
2012/04/3,+2
2012/04/4,+4
2012/04/5,+8
2012/04/6,+3
2012/04/7,+9
2012/04/8,+12
2012/04/9,+19
2012/04/10,+22
2012/04/11,+12
2012/04/12,+14
2012/04/13,+21
2012/04/14,+17
2012/04/15,+20
2012/04/16,+25
2012/04/17,+29
2012/04/18,+25
2012/04/19,+24
2012/04/20,+25
2012/04/21,+28
2012/04/22,+17
2012/04/23,+25
2012/04/24,+22
2012/04/25,+23
2012/04/26,+25
2012/04/27,+25
2012/04/28,+24
2012/04/29,+22
2012/04/30,+6
2012/05/1,+11
2012/05/2,+14
2012/05/3,+13
2012/05/4,+18
2012/05/5,+16
2012/05/6,+21
2012/05/7,+27
2012/05/8,+27
2012/05/9,+29
2012/05/10,+30
2012/05/11,+26
2012/05/12,+21
2012/05/13,+29
2012/05/14,+24
2012/05/15,+21
2012/05/16,+22
2012/05/17,+21
2012/05/18,+25
2012/05/19,+27
2012/05/20,+27
2012/05/21,+27
2012/05/22,+27
2012/05/23,+26
2012/05/24,+12
2012/05/25,+15
2012/05/26,+21
2012/05/27,+25
2012/05/28,+18
2012/05/29,+25
2012/05/30,+27
2012/05/31,+23
2012/06/1,+26
2012/06/2,+25
2012/06/3,+20
2012/06/4,+12
2012/06/5,+21
2012/06/6,+22
2012/06/7,+29
2012/06/8,+33
2012/06/9,+25
2012/06/10,+24
2012/06/11,+20
2012/06/12,+27
2012/06/13,+34
2012/06/14,+33
2012/06/15,+31
2012/06/16,+31
2012/06/17,+26
2012/06/18,+23
2012/06/19,+23
2012/06/20,+21
2012/06/21,+26
2012/06/22,+19
2012/06/23,+24
2012/06/24,+24
2012/06/25,+26
2012/06/26,+29
2012/06/27,+30
2012/06/28,+29
2012/06/29,+25
2012/06/30,+26
2012/07/1,+24
2012/07/2,+19
2012/07/3,+25
2012/07/4,+28
2012/07/5,+29
2012/07/6,+27
2012/07/7,+25
2012/07/8,+25
2012/07/9,+27
2012/07/10,+30
2012/07/11,+32
2012/07/12,+34
2012/07/13,+31
2012/07/14,+29
2012/07/15,+32
2012/07/16,+32
2012/07/17,+27
2012/07/18,+19
2012/07/19,+22
2012/07/20,+23
2012/07/21,+27
2012/07/22,+26
2012/07/23,+29
2012/07/24,+23
2012/07/25,+24
2012/07/26,+24
2012/07/27,+28
2012/07/28,+25
2012/07/29,+23
2012/07/30,+25
2012/07/31,+26
2012/08/1,+30
2012/08/2,+32
2012/08/3,+31
2012/08/4,+32
2012/08/5,+33
2012/08/6,+32
2012/08/7,+31
2012/08/8,+33
2012/08/9,+37
2012/08/10,+29
2012/08/11,+22
2012/08/12,+27
2012/08/13,+30
2012/08/14,+28
2012/08/15,+28
2012/08/16,+26
2012/08/17,+21
2012/08/18,+26
2012/08/19,+23
2012/08/20,+25
2012/08/21,+24
2012/08/22,+19
2012/08/23,+22
2012/08/24,+23
2012/08/25,+21
2012/08/26,+20
2012/08/27,+22
2012/08/28,+25
2012/08/29,+28
2012/08/30,+24
2012/08/31,+13
2012/09/1,+12
2012/09/2,+12
2012/09/3,+16
2012/09/4,+18
2012/09/5,+21
2012/09/6,+23
2012/09/7,+24
2012/09/8,+15
2012/09/9,+18
2012/09/10,+11
2012/09/11,+12
2012/09/12,+14
2012/09/13,+20
2012/09/14,+24
2012/09/15,+26
2012/09/16,+27
2012/09/17,+17
2012/09/18,+18
2012/09/19,+18
2012/09/20,+19
2012/09/21,+22
2012/09/22,+22
2012/09/23,+23
2012/09/24,+12
2012/09/25,+14
2012/09/26,+13
2012/09/27,+15
2012/09/28,+14
2012/09/29,+14
2012/09/30,+18
2012/10/1,+13
2012/10/2,+10
2012/10/3,+12
2012/10/4,+9
2012/10/5,+13
2012/10/6,+9
2012/10/7,+17
2012/10/8,+21
2012/10/9,+23
2012/10/10,+12
2012/10/11,+15
2012/10/12,+13
2012/10/13,+10
2012/10/14,+7
2012/10/15,+10
2012/10/16,+13
2012/10/17,+10
2012/10/18,+15
2012/10/19,+17
2012/10/20,+17
2012/10/21,+13
2012/10/22,+11
2012/10/23,+1
2012/10/24,+3
2012/10/25,+3
2012/10/26,+4
2012/10/28,+6
2012/10/29,+14
2012/10/30,+2
2012/10/31,+14
2012/11/1,+6
2012/11/2,+1
2012/11/3,+4
2012/11/4,+2
2012/11/5,+7
2012/11/6,+11
2012/11/7,+8
2012/11/8,+6
2012/11/9,+3
2012/11/10,+2
2012/11/11,0
2012/11/12,-1
2012/11/13,0
2012/11/14,+1
2012/11/15,0
2012/11/16,+4
2012/11/17,+1
2012/11/18,0
2012/11/19,+1
2012/11/20,+2
2012/11/21,+2
2012/11/22,+1
2012/11/23,+1
2012/11/24,-1
2012/11/25,-2
2012/11/26,-3
2012/11/27,-1
2012/11/28,-3
2012/11/29,-4
2012/11/30,-3
2012/12/1,+4
2012/12/2,+4
2012/12/3,+2
2012/12/4,+2
2012/12/5,+3
2012/12/6,-1
2012/12/7,+1
2012/12/8,0
2012/12/9,-2
2012/12/10,-6
2012/12/11,-12
2012/12/12,-11
2012/12/13,-12
2012/12/14,-12
2012/12/15,-12
2012/12/16,-10
2012/12/17,-14
2012/12/18,-15
2012/12/19,-15
2012/12/20,-15
2012/12/21,-11
2012/12/22,-15
2012/12/23,-22
2012/12/24,-18
2012/12/25,-13
2012/12/26,-9
2012/12/27,-5
2012/12/28,+2
2012/12/29,-3
2012/12/30,-9
2012/12/31,-8
2013/01/1,-8
2013/01/2,-10
2013/01/3,-8
2013/01/4,-1
2013/01/5,-1
2013/01/6,-5
2013/01/7,-5
2013/01/8,-8
2013/01/9,-7
2013/01/10,-10
2013/01/11,-13
2013/01/12,-16
2013/01/13,-12
2013/01/14,-10
2013/01/15,-5
2013/01/16,-7
2013/01/17,-10
2013/01/18,-7
2013/01/19,-5
2013/01/20,+1
2013/01/21,-3
2013/01/22,-9
2013/01/23,-13
2013/01/24,-11
2013/01/25,-11
2013/01/26,-12
2013/01/27,-15
2013/01/28,-14
2013/01/29,-15
2013/01/30,-13
2013/01/31,-4
2013/02/1,-5
2013/02/2,-8
2013/02/3,-3
2013/02/4,-1
2013/02/5,0
2013/02/6,-1
2013/02/7,-4
2013/02/8,-5
2013/02/9,-5
2013/02/10,-6
2013/02/11,-6
2013/02/12,-4
2013/02/13,-4
2013/02/14,-6
2013/02/15,-5
2013/02/16,-6
2013/02/17,-1
2013/02/18,-5
2013/02/19,-6
2013/02/20,-9
2013/02/21,-8
2013/02/22,-8
2013/02/23,-7
2013/02/24,-4
2013/02/25,-3
2013/02/26,-2
2013/02/27,-5
2013/02/28,-9
2013/03/1,+1
2013/03/2,+1
2013/03/3,-7
2013/03/4,-10
2013/03/5,-9
2013/03/6,-14
2013/03/7,-2
2013/03/8,-2
2013/03/9,-6
2013/03/10,-10
2013/03/11,-6
2013/03/12,-5
2013/03/13,-4
2013/03/14,+1
2013/03/15,0
2013/03/16,+3
2013/03/17,+2
2013/03/18,+3
2013/03/19,0
2013/03/20,+1
2013/03/21,+2
2013/03/22,-2
2013/03/23,-1
2013/03/24,+5
2013/03/25,-2
2013/03/26,-3
2013/03/27,-2
2013/03/28,+1
2013/03/29,-3
2013/03/30,+2
2013/03/31,+2
2013/04/1,+3
2013/04/2,+11
2013/04/3,+12
2013/04/4,+13
2013/04/5,+11
2013/04/6,+18
2013/04/7,+13
2013/04/8,+5
2013/04/9,+2
2013/04/10,+8
2013/04/11,+2
2013/04/12,+2
2013/04/13,+1
2013/04/14,+2
2013/04/15,+9
2013/04/16,+13
2013/04/17,+17
2013/04/18,+18
2013/04/19,+21
2013/04/20,+23
2013/04/21,+24
2013/04/22,+17
2013/04/23,+17
2013/04/24,+15
2013/04/25,+12
2013/04/26,+8
2013/04/27,+13
2013/04/28,+15
2013/04/29,+11
2013/04/30,+15
2013/05/1,+18
2013/05/2,+18
2013/05/3,+20
2013/05/4,+18
2013/05/5,+25
2013/05/6,+19
2013/05/7,+13
2013/05/8,+18
2013/05/9,+22
2013/05/10,+23
2013/05/11,+26
2013/05/12,+23
2013/05/13,+27
2013/05/14,+28
2013/05/15,+27
2013/05/16,+31
2013/05/17,+27
2013/05/18,+21
2013/05/19,+16
2013/05/20,+20
2013/05/21,+16
2013/05/22,+15
2013/05/23,+15
2013/05/24,+23
2013/05/25,+28
2013/05/26,+29
2013/05/27,+28
2013/05/28,+29
2013/05/29,+24
2013/05/30,+27
2013/05/31,+21
2013/06/1,+19
2013/06/2,+24
2013/06/3,+26
2013/06/4,+27
2013/06/5,+20
2013/06/6,+19
2013/06/7,+21
2013/06/8,+24
2013/06/9,+21
2013/06/10,+25
2013/06/11,+29
2013/06/12,+31
2013/06/13,+21
2013/06/14,+22
2013/06/15,+24
2013/06/16,+30
2013/06/17,+33
2013/06/18,+32
2013/06/19,+26
2013/06/20,+29
2013/06/21,+23
2013/06/22,+19
2013/06/23,+25
2013/06/24,+29
2013/06/25,+30
2013/06/26,+32
2013/06/27,+31
2013/06/28,+23
2013/06/29,+33
2013/06/30,+27
2013/07/1,+27
2013/07/2,+27
2013/07/3,+27
2013/07/4,+26
2013/07/5,+29
2013/07/6,+33
2013/07/7,+32
2013/07/8,+25
2013/07/9,+26
2013/07/10,+23
2013/07/11,+24
2013/07/12,+26
2013/07/13,+28
2013/07/14,+24
2013/07/15,+26
2013/07/16,+29
2013/07/17,+27
2013/07/18,+24
2013/07/19,+25
2013/07/20,+28
2013/07/21,+30
2013/07/22,+23
2013/07/23,+25
2013/07/24,+24
2013/07/25,+20
2013/07/26,+20
2013/07/27,+19
2013/07/28,+26
2013/07/29,+25
2013/07/30,+27
2013/07/31,+24
2013/08/1,+19
2013/08/2,+21
2013/08/3,+23
2013/08/4,+26
2013/08/5,+21
2013/08/6,+28
2013/08/7,+18
2013/08/8,+20
2013/08/9,+23
2013/08/10,+26
2013/08/11,+29
2013/08/12,+30
2013/08/13,+31
2013/08/14,+33
2013/08/15,+34
2013/08/16,+32
2013/08/17,+29
2013/08/18,+22
2013/08/19,+20
2013/08/20,+24
2013/08/21,+25
2013/08/22,+27
2013/08/23,+28
2013/08/24,+29
2013/08/25,+27
2013/08/26,+21
2013/08/27,+17
2013/08/28,+17
2013/08/29,+22
2013/08/30,+23
2013/08/31,+28
2013/09/1,+20
2013/09/2,+18
2013/09/3,+21
2013/09/4,+22
2013/09/5,+24
2013/09/6,+20
2013/09/7,+18
2013/09/8,+20
2013/09/9,+20
2013/09/10,+14
2013/09/11,+15
2013/09/12,+18
2013/09/13,+18
2013/09/14,+19
2013/09/15,+20
2013/09/16,+20
2013/09/17,+15
2013/09/18,+13
2013/09/19,+14
2013/09/20,+14
2013/09/21,+11
2013/09/22,+16
2013/09/23,+14
2013/09/24,+12
2013/09/25,+11
2013/09/26,+9
2013/09/27,+8
2013/09/28,+4
2013/09/29,+9
2013/09/30,+8
2013/10/1,+4
2013/10/2,+5
2013/10/3,+2
2013/10/4,+2
2013/10/5,+3
2013/10/6,+2
2013/10/7,+12
2013/10/8,+9
2013/10/9,+13
2013/10/10,+12
2013/10/11,+12
2013/10/12,+12
2013/10/13,+9
2013/10/14,+4
2013/10/15,+6
2013/10/16,+10
2013/10/17,+11
2013/10/18,+6
2013/10/19,+14
2013/10/20,+8
2013/10/21,+6
2013/10/22,+4
2013/10/23,+4
2013/10/24,+4
2013/10/25,+6
2013/10/26,+10
2013/10/27,+8
2013/10/28,+11
2013/10/29,+10
2013/10/30,+12
2013/10/31,+9
2013/11/1,+5
2013/11/2,+6
2013/11/3,+8
2013/11/4,+9
2013/11/5,+10
2013/11/6,+12
2013/11/7,+12
2013/11/8,+10
2013/11/9,+8
2013/11/10,+8
2013/11/11,+8
2013/11/12,+5
2013/11/13,+6
2013/11/14,+7
2013/11/15,+3
2013/11/16,+1
2013/11/17,+2
2013/11/18,+3
2013/11/19,+2
2013/11/20,+2
2013/11/21,+2
2013/11/22,+2
2013/11/23,+1
2013/11/24,+1
2013/11/25,0
2013/11/26,+2
2013/11/27,+1
2013/11/28,-2
2013/11/29,+1
2013/11/30,+1
2013/12/1,-4
2013/12/2,0
2013/12/3,-5
2013/12/4,-8
2013/12/5,-2
2013/12/6,0
2013/12/7,-1
2013/12/8,-2
2013/12/9,-5
2013/12/10,-7
2013/12/11,-8
2013/12/12,-10
2013/12/13,-7
2013/12/14,-5
2013/12/15,-9
2013/12/16,-13
2013/12/17,-9
2013/12/18,0
2013/12/19,0
2013/12/20,-9
2013/12/21,-3
2013/12/22,-2
2013/12/23,0
2013/12/24,0
2013/12/25,+2
2013/12/26,-2
2013/12/27,-6
2013/12/28,-8
2013/12/29,-5
2013/12/30,-4
2013/12/31,-2
2014/01/1,0
2014/01/2,-1
2014/01/3,-3
2014/01/4,-8
2014/01/5,-10
2014/01/6,-12
2014/01/7,-6
2014/01/8,-3
2014/01/9,0
2014/01/10,0
2014/01/11,+1
2014/01/12,0
2014/01/13,+1
2014/01/14,0
2014/01/15,-9
2014/01/16,-10
2014/01/17,-4
2014/01/18,-11
2014/01/19,-18
2014/01/20,-19
2014/01/21,-12
2014/01/22,-13
2014/01/23,-15
2014/01/24,-10
2014/01/25,-12
2014/01/26,-17
2014/01/27,-17
2014/01/28,-22
2014/01/29,-27
2014/01/30,-23
2014/01/31,-17
2014/02/1,-20
2014/02/2,-19
2014/02/3,-16
2014/02/4,-12
2014/02/5,-16
2014/02/6,-15
2014/02/7,-19
2014/02/8,-15
2014/02/9,-13
2014/02/10,-15
2014/02/11,-13
2014/02/12,-9
2014/02/13,-1
2014/02/14,+1
2014/02/15,-3
2014/02/16,-4
2014/02/17,-5
2014/02/18,-3
2014/02/19,+1
2014/02/20,0
2014/02/21,-3
2014/02/22,-16
2014/02/23,-17
2014/02/24,-15
2014/02/25,-9
2014/02/26,-4
2014/02/27,+1
2014/02/28,-7
2014/03/1,-3
2014/03/2,-4
2014/03/3,-6
2014/03/4,-5
2014/03/5,-4
2014/03/6,+1
2014/03/7,+1
2014/03/8,-1
2014/03/9,-2
2014/03/10,+1
2014/03/11,+4
2014/03/12,+2
2014/03/13,+3
2014/03/14,+4
2014/03/15,+5
2014/03/16,+5
2014/03/17,+2
2014/03/18,0
2014/03/19,+2
2014/03/20,+1
2014/03/21,+1
2014/03/22,+5
2014/03/23,+9
2014/03/24,+11
2014/03/25,+9
2014/03/26,+13
2014/03/27,+4
2014/03/28,+7
2014/03/29,+2
2014/03/30,+3
2014/03/31,+2
2014/04/1,0
2014/04/2,-1
2014/04/3,+2
2014/04/4,+4
2014/04/5,+1
2014/04/6,+5
2014/04/7,+11
2014/04/8,+4
2014/04/9,+3
2014/04/10,+1
2014/04/11,+3
2014/04/12,+7
2014/04/13,+10
2014/04/14,+11
2014/04/15,+9
2014/04/16,+16
2014/04/17,+15
2014/04/18,+12
2014/04/19,+15
2014/04/20,+18
2014/04/21,+19
2014/04/22,+15
2014/04/23,+20
2014/04/24,+5
2014/04/25,+6
2014/04/26,+6
2014/04/27,+12
2014/04/28,+18
2014/04/29,+19
2014/04/30,+20
2014/05/1,+12
2014/05/2,+18
2014/05/3,+15
2014/05/4,+13
2014/05/5,+20
2014/05/6,+17
2014/05/7,+13
2014/05/8,+15
2014/05/9,+20
2014/05/10,+22
2014/05/11,+28
2014/05/12,+28
2014/05/13,+29
2014/05/14,+30
2014/05/15,+32
2014/05/16,+32
2014/05/17,+23
2014/05/18,+24
2014/05/19,+23
2014/05/20,+27
2014/05/21,+26
2014/05/22,+29
2014/05/23,+30
2014/05/24,+28
2014/05/25,+30
2014/05/26,+30
2014/05/27,+29
2014/05/28,+20
2014/05/29,+21
2014/05/30,+22
2014/05/31,+24
2014/06/1,+26
2014/06/2,+29
2014/06/3,+30
2014/06/4,+31
2014/06/5,+31
2014/06/6,+30
2014/06/7,+26
2014/06/8,+26
2014/06/9,+30
2014/06/10,+23
2014/06/11,+20
2014/06/12,+21
2014/06/13,+22
2014/06/14,+17
2014/06/15,+14
2014/06/16,+19
2014/06/17,+20
2014/06/18,+19
2014/06/19,+16
2014/06/20,+22
2014/06/21,+25
2014/06/22,+25
2014/06/23,+23
2014/06/24,+24
2014/06/25,+23
2014/06/26,+22
2014/06/27,+23
2014/06/28,+16
2014/06/29,+12
2014/06/30,+20
2014/07/1,+25
2014/07/2,+29
2014/07/3,+31
2014/07/4,+31
2014/07/5,+23
2014/07/6,+28
2014/07/7,+22
2014/07/8,+26
2014/07/9,+25
2014/07/10,+26
2014/07/11,+24
2014/07/12,+19
2014/07/13,+26
2014/07/14,+27
2014/07/15,+30
2014/07/16,+32
2014/07/17,+31
2014/07/18,+22
2014/07/19,+23
2014/07/20,+21
2014/07/21,+19
2014/07/22,+24
2014/07/23,+25
2014/07/24,+25
2014/07/25,+23
2014/07/26,+19
2014/07/27,+19
2014/07/28,+22
2014/07/29,+24
2014/07/30,+31
2014/07/31,+31
2014/08/1,+26
2014/08/2,+25
2014/08/3,+24
2014/08/4,+24
2014/08/5,+24
2014/08/6,+26
2014/08/7,+31
2014/08/8,+31
2014/08/9,+35
2014/08/10,+29
2014/08/11,+27
2014/08/12,+27
2014/08/13,+28
2014/08/14,+26
2014/08/15,+29
2014/08/16,+37
2014/08/17,+33
2014/08/18,+28
2014/08/19,+22
2014/08/20,+23
2014/08/21,+22
2014/08/22,+27
2014/08/23,+27
2014/08/24,+23
2014/08/25,+24
2014/08/26,+21
2014/08/27,+22
2014/08/28,+19
2014/08/29,+19
2014/08/30,+20
2014/08/31,+17
2014/09/1,+20
2014/09/2,+20
2014/09/3,+23
2014/09/4,+19
2014/09/5,+19
2014/09/6,+22
2014/09/7,+22
2014/09/8,+19
2014/09/9,+18
2014/09/10,+21
2014/09/11,+21
2014/09/12,+25
2014/09/13,+23
2014/09/14,+24
2014/09/15,+22
2014/09/16,+13
2014/09/17,+9
2014/09/18,+9
2014/09/19,+14
2014/09/20,+17
2014/09/21,+20
2014/09/22,+20
2014/09/23,+17
2014/09/24,+24
2014/09/25,+16
2014/09/26,+17
2014/09/27,+19
2014/09/28,+18
2014/09/29,+16
2014/09/30,+14
2014/10/1,+8
2014/10/2,+3
2014/10/3,+6
2014/10/4,+9
2014/10/5,+6
2014/10/6,+6
2014/10/7,+8
2014/10/8,+4
2014/10/9,+9
2014/10/10,+13
2014/10/11,+19
2014/10/12,+15
2014/10/13,+19
2014/10/14,+15
2014/10/15,+13
2014/10/16,+17
2014/10/17,+17
2014/10/18,+2
2014/10/19,-2
2014/10/20,-1
2014/10/21,+3
2014/10/22,+1
2014/10/23,-6
2014/10/24,-6
2014/10/25,-5
2014/10/26,-5
2014/10/27,+2
2014/10/28,+3
2014/10/29,+7
2014/10/30,+7
2014/10/31,+8
2014/11/1,+4
2014/11/2,+2
2014/11/3,+4
2014/11/4,-1
2014/11/5,+4
2014/11/6,+1
2014/11/7,+4
2014/11/8,+4
2014/11/9,+4
2014/11/10,+6
2014/11/11,+2
2014/11/12,+4
2014/11/13,+5
2014/11/14,+2
2014/11/15,-1
2014/11/16,-8
2014/11/17,-6
2014/11/18,-6
2014/11/19,-6
2014/11/20,-4
2014/11/21,-1
2014/11/22,-1
2014/11/23,-3
2014/11/24,-11
2014/11/25,-7
2014/11/26,-7
2014/11/27,-8
2014/11/28,-8
2014/11/29,-5
2014/11/30,-7
2014/12/1,-7
2014/12/2,-13
2014/12/3,-12
2014/12/4,-4
2014/12/5,-4
2014/12/6,-11
2014/12/7,-4
2014/12/8,-11
2014/12/9,-9
2014/12/10,-3
2014/12/11,-7
2014/12/12,-5
2014/12/13,-5
2014/12/14,-2
2014/12/15,-3
2014/12/16,-3
2014/12/17,-7
2014/12/18,-5
2014/12/19,-2
2014/12/20,-2
2014/12/21,+1
2014/12/22,0
2014/12/23,-4
2014/12/24,0
2014/12/25,-6
2014/12/26,-11
2014/12/27,-13
2014/12/28,-9
2014/12/29,-9
2014/12/30,-12
2014/12/31,-15
2015/01/1,-14
2015/01/2,-7
2015/01/3,-1
2015/01/4,0
2015/01/5,-3
2015/01/6,-6
2015/01/7,-22
2015/01/8,-22
2015/01/9,-13
2015/01/10,-9
2015/01/11,-10
2015/01/12,-1
2015/01/13,-1
2015/01/14,+1
2015/01/15,+2
2015/01/16,-3
2015/01/17,-3
2015/01/18,-8
2015/01/19,-1
2015/01/20,-3
2015/01/21,-13
2015/01/22,-12
2015/01/23,-15
2015/01/24,-17
2015/01/25,-15
2015/01/26,-18
2015/01/27,-17
2015/01/28,-17
2015/01/29,-17
2015/01/30,-16
2015/01/31,-9
2015/02/1,-9
2015/02/2,-5
2015/02/3,-5
2015/02/4,-6
2015/02/5,-2
2015/02/6,-5
2015/02/7,-7
2015/02/8,-10
2015/02/9,-5
2015/02/10,-2
2015/02/11,-7
2015/02/12,-4
2015/02/13,-5
2015/02/14,+3
2015/02/15,-5
2015/02/16,-10
2015/02/17,-11
2015/02/18,-9
2015/02/19,-10
2015/02/20,-9
2015/02/21,-4
2015/02/22,0
2015/02/23,+2
2015/02/24,+4
2015/02/25,+2
2015/02/26,-2
2015/02/27,-6
2015/02/28,-4
2015/03/1,-2
2015/03/2,-2
2015/03/3,-3
2015/03/4,-2
2015/03/5,-8
2015/03/6,-6
2015/03/7,-7
2015/03/8,-3
2015/03/9,-2
2015/03/10,+4
2015/03/11,+4
2015/03/12,+3
2015/03/13,+4
2015/03/14,+7
2015/03/15,+6
2015/03/16,+1
2015/03/17,+5
2015/03/18,+6
2015/03/19,+9
2015/03/20,+5
2015/03/21,+2
2015/03/22,+2
2015/03/23,-2
2015/03/24,-2
2015/03/25,+5
2015/03/26,+1
2015/03/27,-1
2015/03/28,+1
2015/03/29,-1
2015/03/30,-1
2015/03/31,+3
2015/04/1,+6
2015/04/2,+4
2015/04/3,+5
2015/04/4,0
2015/04/5,+1
2015/04/6,+6
2015/04/7,+9
2015/04/8,+9
2015/04/9,+8
2015/04/10,+8
2015/04/11,+10
2015/04/12,+10
2015/04/13,+14
2015/04/14,+15
2015/04/15,+17
2015/04/16,+13
2015/04/17,+14
2015/04/18,+11
2015/04/19,+10
2015/04/20,+3
2015/04/21,+6
2015/04/22,+7
2015/04/23,+7
2015/04/24,+11
2015/04/25,+10
2015/04/26,+10
2015/04/27,+9
2015/04/28,+13
2015/04/29,+25
2015/04/30,+25
2015/05/1,+23
2015/05/2,+23
2015/05/3,+23
2015/05/4,+24
2015/05/5,+21
2015/05/6,+18
2015/05/7,+12
2015/05/8,+18
2015/05/9,+8
2015/05/10,+15
2015/05/11,+18
2015/05/12,+19
2015/05/13,+19
2015/05/14,+15
2015/05/15,+20
2015/05/16,+15
2015/05/17,+15
2015/05/18,+10
2015/05/19,+12
2015/05/20,+16
2015/05/21,+19
2015/05/22,+26
2015/05/23,+28
2015/05/24,+29
2015/05/25,+29
2015/05/26,+28
2015/05/27,+29
2015/05/28,+30
2015/05/29,+25
2015/05/30,+28
2015/05/31,+31
2015/06/1,+33
2015/06/2,+28
2015/06/3,+19
2015/06/4,+28
2015/06/5,+23
2015/06/6,+19
2015/06/7,+20
2015/06/8,+26
2015/06/9,+24
2015/06/10,+21
2015/06/11,+19
2015/06/12,+23
2015/06/13,+21
2015/06/14,+28
2015/06/15,+32
2015/06/16,+32
2015/06/17,+35
2015/06/18,+32
2015/06/19,+33
2015/06/20,+32
2015/06/21,+37
2015/06/22,+35
2015/06/23,+31
2015/06/24,+32
2015/06/25,+32
2015/06/26,+31
2015/06/27,+32
2015/06/28,+35
2015/06/29,+33
2015/06/30,+26
2015/07/1,+24
2015/07/2,+26
2015/07/3,+23
2015/07/4,+26
2015/07/5,+31
2015/07/6,+24
2015/07/7,+19
2015/07/8,+25
2015/07/9,+26
2015/07/10,+35
2015/07/11,+24
2015/07/12,+17
2015/07/13,+23
2015/07/14,+25
2015/07/15,+23
2015/07/16,+24
2015/07/17,+19
2015/07/18,+22
2015/07/19,+22
2015/07/20,+27
2015/07/21,+20
2015/07/22,+22
2015/07/23,+22
2015/07/24,+26
2015/07/25,+26
2015/07/26,+26
2015/07/27,+28
2015/07/28,+28
2015/07/29,+29
2015/07/30,+28
2015/07/31,+30
2015/08/1,+31
2015/08/2,+22
2015/08/3,+26
2015/08/4,+25
2015/08/5,+23
2015/08/6,+21
2015/08/7,+24
2015/08/8,+21
2015/08/9,+28
2015/08/10,+29
2015/08/11,+26
2015/08/12,+24
2015/08/13,+27
2015/08/14,+29
2015/08/15,+24
2015/08/16,+17
2015/08/17,+19
2015/08/18,+18
2015/08/19,+16
2015/08/20,+16
2015/08/21,+22
2015/08/22,+26
2015/08/23,+20
2015/08/24,+16
2015/08/25,+20
2015/08/26,+14
2015/08/27,+26
2015/08/28,+27
2015/08/29,+24
2015/08/30,+18
2015/08/31,+17
2015/09/1,+17
2015/09/2,+19
2015/09/3,+19
2015/09/4,+21
2015/09/5,+26
2015/09/6,+26
2015/09/7,+34
2015/09/8,+21
2015/09/9,+22
2015/09/10,+19
2015/09/11,+13
2015/09/12,+17
2015/09/13,+10
2015/09/14,+21
2015/09/15,+22
2015/09/16,+22
2015/09/17,+23
2015/09/18,+22
2015/09/19,+28
2015/09/20,+25
2015/09/21,+23
2015/09/22,+26
2015/09/23,+27
2015/09/24,+27
2015/09/25,+27
2015/09/26,+27
2015/09/27,+29
2015/09/28,+28
2015/09/29,+23
2015/09/30,+18
2015/10/1,+13
2015/10/2,+9
2015/10/3,+11
2015/10/4,+11
2015/10/5,+17
2015/10/6,+19
2015/10/7,+3
2015/10/8,0
2015/10/9,+1
2015/10/10,0
2015/10/11,+1
2015/10/12,+2
2015/10/13,+3
2015/10/14,+9
2015/10/15,+6
2015/10/16,+7
2015/10/17,+10
2015/10/18,+11
2015/10/19,+5
2015/10/20,+1
2015/10/21,+1
2015/10/22,+3
2015/10/23,+3
2015/10/24,0
2015/10/25,+1
2015/10/26,+3
2015/10/27,+7
2015/10/28,+5
2015/10/29,+3
2015/10/30,0
2015/10/31,-1
2015/11/1,0
2015/11/2,+3
2015/11/3,+4
2015/11/4,+5
2015/11/5,+5
2015/11/6,+3
2015/11/7,+3
2015/11/8,+2
2015/11/9,+3
2015/11/10,+2
2015/11/11,0
2015/11/12,0
2015/11/13,-1
2015/11/14,-4
2015/11/15,-3
2015/11/16,-3
2015/11/17,-6
2015/11/18,-4
2015/11/19,-6
2015/11/20,-9
2015/11/21,+3
2015/11/22,+7
2015/11/23,+10
2015/11/24,+3
2015/11/25,+1
2015/11/26,0
2015/11/27,-4
2015/11/28,-2
2015/11/29,+2
2015/11/30,0
2015/12/1,-1
2015/12/2,+1
2015/12/3,-1
2015/12/4,-3
2015/12/5,-1
2015/12/6,+2
2015/12/7,+2
2015/12/8,+1
2015/12/9,0
2015/12/10,+2
2015/12/11,-1
2015/12/12,-2
2015/12/13,+1
2015/12/14,0
2015/12/15,-2
2015/12/16,-4
2015/12/17,-9
2015/12/18,-10
2015/12/19,-16
2015/12/20,-6
2015/12/21,-1
2015/12/22,+2
2015/12/23,+2
2015/12/24,+1
2015/12/25,-1
2015/12/26,-5
2015/12/27,+1
2015/12/28,-4
2015/12/29,-6
2015/12/30,-11
2015/12/31,-16
2016/01/1,-16
2016/01/2,-19
2016/01/3,-12
2016/01/4,-17
2016/01/5,-15
2016/01/6,-16
2016/01/7,-16
2016/01/8,-9
2016/01/9,-6
2016/01/10,-6
2016/01/11,-12
2016/01/12,-17
2016/01/13,-11
2016/01/14,-6
2016/01/15,-5
2016/01/16,-6
2016/01/17,-12
2016/01/18,-4
2016/01/19,-7
2016/01/20,-2
2016/01/21,-8
2016/01/22,-12
2016/01/23,-6
2016/01/24,-8
2016/01/25,-19
2016/01/26,-19
2016/01/27,-17
2016/01/28,-17
2016/01/29,-11
2016/01/30,-3
2016/01/31,+1
2016/02/1,+2
2016/02/2,0
2016/02/3,0
2016/02/4,+2
2016/02/5,+1
2016/02/6,-3
2016/02/7,-2
2016/02/8,-3
2016/02/9,0
2016/02/10,0
2016/02/11,-7
2016/02/12,-4
2016/02/13,-3
2016/02/14,-5
2016/02/15,-5
2016/02/16,-2
2016/02/17,0
2016/02/18,-2
2016/02/19,0
2016/02/20,+1
2016/02/21,-4
2016/02/22,-3
2016/02/23,+3
2016/02/24,+3
2016/02/25,0
2016/02/26,+3
2016/02/27,+1
2016/02/28,+1
2016/02/29,+2
2016/03/1,0
2016/03/2,-2
2016/03/3,0
2016/03/4,+3
2016/03/5,+2
2016/03/6,+3
2016/03/7,+6
2016/03/8,+3
2016/03/9,+2
2016/03/10,+3
2016/03/11,+4
2016/03/12,+6
2016/03/13,+1
2016/03/14,-2
2016/03/15,-2
2016/03/16,0
2016/03/17,+2
2016/03/18,+3
2016/03/19,-4
2016/03/20,-4
2016/03/21,-2
2016/03/22,-2
2016/03/23,+4
2016/03/24,+2
2016/03/25,+2
2016/03/26,+6
2016/03/27,+2
2016/03/28,+3
2016/03/29,+5
2016/03/30,+6
2016/03/31,+9
2016/04/1,+4
2016/04/2,+5
2016/04/3,+6
2016/04/4,+5
2016/04/5,+5
2016/04/6,+4
2016/04/7,+6
2016/04/8,+14
2016/04/9,+17
2016/04/10,+17
2016/04/11,+19
2016/04/12,+17
2016/04/13,+20
2016/04/14,+19
2016/04/15,+22
2016/04/16,+23
2016/04/17,+18
2016/04/18,+9
2016/04/19,+15
2016/04/20,+10
2016/04/21,+11
2016/04/22,+11
2016/04/23,+9
2016/04/24,+9
2016/04/25,+18
2016/04/26,+22
2016/04/27,+20
2016/04/28,+17
2016/04/29,+15
2016/04/30,+14
2016/05/1,+10
2016/05/2,+12
2016/05/3,+15
2016/05/4,+11
2016/05/5,+19
2016/05/6,+21
2016/05/7,+23
2016/05/8,+21
2016/05/9,+19
2016/05/10,+25
2016/05/11,+22
2016/05/12,+22
2016/05/13,+10
2016/05/14,+15
2016/05/15,+8
2016/05/16,+15
2016/05/17,+18
2016/05/18,+17
2016/05/19,+24
2016/05/20,+17
2016/05/21,+20
2016/05/22,+20
2016/05/23,+21
2016/05/24,+25
2016/05/25,+29
2016/05/26,+30
2016/05/27,+29
2016/05/28,+30
2016/05/29,+30
2016/05/30,+24
2016/05/31,+17
2016/06/1,+15
2016/06/2,+21
2016/06/3,+20
2016/06/4,+18
2016/06/5,+25
2016/06/6,+22
2016/06/7,+18
2016/06/8,+12
2016/06/9,+16
2016/06/10,+20
2016/06/11,+24
2016/06/12,+26
2016/06/13,+22
2016/06/14,+22
2016/06/15,+29
2016/06/16,+31
2016/06/17,+31
2016/06/18,+29
2016/06/19,+31
2016/06/20,+30
2016/06/21,+30
2016/06/22,+31
2016/06/23,+27
2016/06/24,+26
2016/06/25,+20
2016/06/26,+22
2016/06/27,+24
2016/06/28,+19
2016/06/29,+23
2016/06/30,+24
2016/07/1,+23
2016/07/2,+26
2016/07/3,+29
2016/07/4,+29
2016/07/5,+30
2016/07/6,+24
2016/07/7,+26
2016/07/8,+31
2016/07/9,+19
2016/07/10,+24
2016/07/11,+27
2016/07/12,+21
2016/07/13,+29
2016/07/14,+31
2016/07/15,+29
2016/07/16,+30
2016/07/17,+33
2016/07/18,+29
2016/07/19,+28
2016/07/20,+28
2016/07/21,+31
2016/07/22,+18
2016/07/23,+24
2016/07/24,+23
2016/07/25,+26
2016/07/26,+26
2016/07/27,+27
2016/07/28,+28
2016/07/29,+29
2016/07/30,+31
2016/07/31,+32
2016/08/1,+21
2016/08/2,+31
2016/08/3,+33
2016/08/4,+33
2016/08/5,+31
2016/08/6,+30
2016/08/7,+31
2016/08/8,+34
2016/08/9,+26
2016/08/10,+29
2016/08/11,+30
2016/08/12,+33
2016/08/13,+34
2016/08/14,+36
2016/08/15,+30
2016/08/16,+26
2016/08/17,+33
2016/08/18,+35
2016/08/19,+34
2016/08/20,+36
2016/08/21,+29
2016/08/22,+29
2016/08/23,+32
2016/08/24,+33
2016/08/25,+33
2016/08/26,+24
2016/08/27,+22
2016/08/28,+28
2016/08/29,+20
2016/08/30,+22
2016/08/31,+27
2016/09/1,+14
2016/09/2,+14
2016/09/3,+17
2016/09/4,+22
2016/09/5,+20
2016/09/6,+20
2016/09/7,+17
2016/09/8,+14
2016/09/9,+14
2016/09/10,+14
2016/09/11,+14
2016/09/12,+12
2016/09/13,+17
2016/09/14,+12
2016/09/15,+11
2016/09/16,+13
2016/09/17,+11
2016/09/18,+14
2016/09/19,+10
2016/09/20,+12
2016/09/21,+10
2016/09/22,+19
2016/09/23,+14
2016/09/24,+20
2016/09/25,+21
2016/09/26,+15
2016/09/27,+10
2016/09/28,+13
2016/09/29,+12
2016/09/30,+13
2016/10/1,+11
2016/10/2,+19
2016/10/3,+17
2016/10/4,+19
2016/10/5,+21
2016/10/6,+12
2016/10/7,+16
2016/10/8,+18
2016/10/9,+11
2016/10/10,+7
2016/10/11,+5
2016/10/12,+7
2016/10/13,+4
2016/10/14,+2
2016/10/15,+5
2016/10/16,+2
2016/10/17,+4
2016/10/18,+4
2016/10/19,+6
2016/10/20,+6
2016/10/21,+3
2016/10/22,+3
2016/10/23,+1
2016/10/24,+2
2016/10/25,+1
2016/10/26,0
2016/10/27,+3
2016/10/28,+3
2016/10/29,-1
2016/10/30,0
2016/10/31,0
2016/11/1,-2
2016/11/2,-4
2016/11/3,-4
2016/11/4,0
2016/11/5,+1
2016/11/6,-1
2016/11/7,-2
2016/11/8,+7
2016/11/9,+2
2016/11/10,+1
2016/11/11,+6
2016/11/12,+2
2016/11/13,-2
2016/11/14,-2
2016/11/15,-6
2016/11/16,-7
2016/11/17,-6
2016/11/18,-6
2016/11/19,-8
2016/11/20,-11
2016/11/21,-9
2016/11/22,-5
2016/11/23,-3
2016/11/24,-1
2016/11/25,-2
2016/11/26,-2
2016/11/27,-2
2016/11/28,+2
2016/11/29,0
2016/11/30,-8
2016/12/1,-9
2016/12/2,-9
2016/12/3,-7
2016/12/4,-9
2016/12/5,-10
2016/12/6,-6
2016/12/7,-15
2016/12/8,-16
2016/12/9,-7
2016/12/10,-5
2016/12/11,-11
2016/12/12,-15
2016/12/13,-15
2016/12/14,-18
2016/12/15,-18
2016/12/16,-21
2016/12/17,-19
2016/12/18,-9
2016/12/19,-2
2016/12/20,-21
2016/12/21,-15
2016/12/22,-19
2016/12/23,-12
2016/12/24,-7
2016/12/25,-8
2016/12/26,-7
2016/12/27,-4
2016/12/28,-3
2016/12/29,-2
2016/12/30,-5
2016/12/31,-4
2017/01/1,-4
2017/01/2,-3
2017/01/3,0
2017/01/4,-5
2017/01/5,-6
2017/01/6,-1
2017/01/7,-3
2017/01/8,-7
2017/01/9,-10
2017/01/10,-9
2017/01/11,-7
2017/01/12,-11
2017/01/13,-7
2017/01/14,-12
2017/01/15,-14
2017/01/16,-14
2017/01/17,-12
2017/01/18,-14
2017/01/19,-9
2017/01/20,-8
2017/01/21,-9
2017/01/22,-8
2017/01/23,-7
2017/01/24,-1
2017/01/25,-6
2017/01/26,-17
2017/01/27,-16
2017/01/28,-19
2017/01/29,-15
2017/01/30,-12
2017/01/31,-10
2017/02/1,-11
2017/02/2,-8
2017/02/3,-11
2017/02/4,-13
2017/02/5,-12
2017/02/6,-16
2017/02/7,-16
2017/02/8,-15
2017/02/9,-12
2017/02/10,-7
2017/02/11,-11
2017/02/12,-10
2017/02/13,-8
2017/02/14,-7
2017/02/15,-8
2017/02/16,-8
2017/02/17,-6
2017/02/18,-11
2017/02/19,+2
2017/02/20,+1
2017/02/21,+2
2017/02/22,+1
2017/02/23,+1
2017/02/24,+2
2017/02/25,+2
2017/02/26,0
2017/02/27,-2
2017/02/28,+1
2017/03/1,+1
2017/03/2,-2
2017/03/3,+1
2017/03/4,+1
2017/03/5,+4
2017/03/6,+5
2017/03/7,+1
2017/03/8,-3
2017/03/9,-3
2017/03/10,-5
2017/03/11,-2
2017/03/12,-2
2017/03/13,+1
2017/03/14,+3
2017/03/15,-1
2017/03/16,0
2017/03/17,-2
2017/03/18,-4
2017/03/19,-4
2017/03/20,0
2017/03/21,+2
2017/03/22,+2
2017/03/23,+1
2017/03/24,+5
2017/03/25,+3
2017/03/26,+2
2017/03/27,+3
2017/03/28,+3
2017/03/29,-1
2017/03/30,-1
2017/03/31,-2
2017/04/1,0
2017/04/2,0
2017/04/3,+3
2017/04/4,+2
2017/04/5,+4
2017/04/6,+7
2017/04/7,+9
2017/04/8,+8
2017/04/9,+14
2017/04/10,+7
2017/04/11,+14
2017/04/12,+16
2017/04/13,+10
2017/04/14,+15
2017/04/15,+8
2017/04/16,+10
2017/04/17,+14
2017/04/18,+4
2017/04/19,+5
2017/04/20,+2
2017/04/21,+6
2017/04/22,0
2017/04/23,+13
2017/04/24,+9
2017/04/25,+11
2017/04/26,+13
2017/04/27,+17
2017/04/28,+20
2017/04/29,+23
2017/04/30,+25
2017/05/1,+26
2017/05/2,+25
2017/05/3,+27
2017/05/4,+17
2017/05/5,+10
2017/05/6,+17
2017/05/7,+13
2017/05/8,+24
2017/05/9,+24
2017/05/10,+13
2017/05/11,+10
2017/05/12,+14
2017/05/13,+12
2017/05/14,+14
2017/05/15,+14
2017/05/16,+16
2017/05/17,+16
2017/05/18,+20
2017/05/19,+18
2017/05/20,+23
2017/05/21,+14
2017/05/22,+12
2017/05/23,+13
2017/05/24,+20
2017/05/25,+25
2017/05/26,+23
2017/05/27,+24
2017/05/28,+12
2017/05/29,+10
2017/05/30,+19
2017/05/31,+20
2017/06/1,+27
2017/06/2,+23
2017/06/3,+7
2017/06/4,+13
2017/06/5,+13
2017/06/6,+19
2017/06/7,+16
2017/06/8,+17
2017/06/9,+18
2017/06/10,+24
2017/06/11,+18
2017/06/12,+21
2017/06/13,+25
2017/06/14,+22
2017/06/15,+20
2017/06/16,+16
2017/06/17,+20
2017/06/18,+15
2017/06/19,+22
2017/06/20,+19
2017/06/21,+25
2017/06/22,+22
2017/06/23,+15
2017/06/24,+13
2017/06/25,+21
2017/06/26,+25
2017/06/27,+25
2017/06/28,+26
2017/06/29,+24
2017/06/30,+25
2017/07/1,+21
2017/07/2,+31
2017/07/3,+23
2017/07/4,+26
2017/07/5,+24
2017/07/6,+18
2017/07/7,+21
2017/07/8,+20
2017/07/9,+19
2017/07/10,+21
2017/07/11,+19
2017/07/12,+21
2017/07/13,+24
2017/07/14,+27
2017/07/15,+29
2017/07/16,+30
2017/07/17,+31
2017/07/18,+26
2017/07/19,+25
2017/07/20,+26
2017/07/21,+23
2017/07/22,+25
2017/07/23,+26
2017/07/24,+22
2017/07/25,+25
2017/07/26,+25
2017/07/27,+27
2017/07/28,+32
2017/07/29,+35
2017/07/30,+32
2017/07/31,+28
2017/08/1,+27
2017/08/2,+27
2017/08/3,+27
2017/08/4,+28
2017/08/5,+31
2017/08/6,+27
2017/08/7,+28
2017/08/8,+28
2017/08/9,+25
2017/08/10,+23
2017/08/11,+25
2017/08/12,+26
2017/08/13,+23
2017/08/14,+22
2017/08/15,+25
2017/08/16,+26
2017/08/17,+26
2017/08/18,+25
2017/08/19,+26
2017/08/20,+27
2017/08/21,+28
2017/08/22,+30
2017/08/23,+33
2017/08/24,+30
2017/08/25,+24
2017/08/26,+24
2017/08/27,+24
2017/08/28,+23
2017/08/29,+27
2017/08/30,+26
2017/08/31,+25
2017/09/1,+27
2017/09/2,+28
2017/09/3,+23
2017/09/4,+20
2017/09/5,+13
2017/09/6,+14
2017/09/7,+27
2017/09/8,+16
2017/09/9,+14
2017/09/10,+15
2017/09/11,+13
2017/09/12,+24
2017/09/13,+27
2017/09/14,+28
2017/09/15,+25
2017/09/16,+24
2017/09/17,+21
2017/09/18,+24
2017/09/19,+30
2017/09/20,+21
2017/09/21,+18
2017/09/22,+12
2017/09/23,+16
2017/09/24,+12
2017/09/25,+8
2017/09/26,+8
2017/09/27,+9
2017/09/28,+9
2017/09/29,+8
2017/09/30,+7
2017/10/1,+7
2017/10/2,+7
2017/10/3,+8
2017/10/4,+4
2017/10/5,+12
2017/10/6,+12
2017/10/7,+11
2017/10/8,+15
2017/10/9,+17
2017/10/10,+17
2017/10/11,+11
2017/10/12,+12
2017/10/13,+11
2017/10/14,+10
2017/10/15,+9
2017/10/16,+7
2017/10/17,+9
2017/10/18,+8
2017/10/19,+13
2017/10/20,+6
2017/10/21,+2
2017/10/22,+3
2017/10/23,+2
2017/10/24,+1
2017/10/25,+1
2017/10/26,-1
2017/10/27,-1
2017/10/28,0
2017/10/29,+6
2017/10/30,+7
2017/10/31,+4
2017/11/1,+3
2017/11/2,+2
2017/11/3,+2
2017/11/4,+2
2017/11/5,+1
2017/11/6,+1
2017/11/7,+2
2017/11/8,+3
2017/11/9,+2
2017/11/10,-1
2017/11/11,+2
2017/11/12,+2
2017/11/13,+6
2017/11/14,+2
2017/11/16,+2
2017/11/17,+2
2017/11/18,+2
2017/11/19,+1
2017/11/20,+4
2017/11/21,+3
2017/11/22,+5
2017/11/23,+4
2017/11/24,+1
2017/11/25,-2
2017/11/28,-1
2017/11/29,-2
2017/11/30,-2
2017/12/1,-3
2017/12/2,-5
2017/12/3,-5
2017/12/4,-3
2017/12/5,-4
2017/12/6,-5
2017/12/7,-4
2017/12/8,-4
2017/12/9,-6
2017/12/10,-6
2017/12/11,-3
2017/12/12,-4
2017/12/13,-5
2017/12/14,-5
2017/12/15,-9
2017/12/16,-10
2017/12/17,-10
2017/12/18,-11
2017/12/19,-12
2017/12/20,-9
2017/12/21,-5
2017/12/22,-8
2017/12/23,-6
2017/12/24,-6
2017/12/25,-5
2017/12/26,-7
2017/12/27,+2
2017/12/28,+2
2017/12/29,+1
2017/12/30,+1
2017/12/31,-5
2018/01/1,-5
2018/01/2,-3
2018/01/3,-2
2018/01/4,-7
2018/01/5,-10
2018/01/6,-9
2018/01/7,-6
2018/01/8,-4
2018/01/9,-5
2018/01/10,-6
2018/01/11,-4
2018/01/12,-7
2018/01/13,-15
2018/01/14,-14
2018/01/15,-9
2018/01/16,-7
2018/01/17,-9
2018/01/18,-13
2018/01/19,-16
2018/01/20,-12
2018/01/21,-9
2018/01/22,-7
2018/01/23,-8
2018/01/24,-11
2018/01/25,-11
2018/01/26,-13
2018/01/27,-14
2018/01/28,-14
2018/01/29,-12
2018/01/30,-10
2018/01/31,-14
2018/02/1,-6
2018/02/2,-6
2018/02/3,-6
2018/02/4,-4
2018/02/5,-5
2018/02/6,-6
2018/02/7,-5
2018/02/8,-7
2018/02/9,-7
2018/02/10,-5
2018/02/11,-5
2018/02/12,-7
2018/02/13,-8
2018/02/14,-8
2018/02/15,-7
2018/02/16,-6
2018/02/17,-7
2018/02/18,-6
2018/02/19,-8
2018/02/20,-5
2018/02/21,-6
2018/02/22,-10
2018/02/23,-11
2018/02/24,-12
2018/02/25,-9
2018/02/26,-12
2018/02/27,-12
2018/02/28,-15
2018/03/1,-11
2018/03/2,-8
2018/03/3,-10
2018/03/4,-7
2018/03/5,-5
2018/03/6,-9
2018/03/7,-8
2018/03/8,-8
2018/03/9,-4
2018/03/10,-4
2018/03/11,-9
2018/03/12,-7
2018/03/13,-8
2018/03/14,-7
2018/03/15,-5
2018/03/16,-2
2018/03/17,-6
2018/03/18,-8
2018/03/19,-10
2018/03/20,-1
2018/03/21,-4
2018/03/22,-3
2018/03/23,+1
2018/03/24,0
2018/03/25,+1
2018/03/26,+2
2018/03/27,+2
2018/03/28,0
2018/03/29,-1
2018/03/30,0
2018/03/31,-2
2018/04/1,-2
2018/04/2,+5
2018/04/3,+5
2018/04/4,+2
2018/04/5,+3
2018/04/6,+9
2018/04/7,+4
2018/04/8,+5
2018/04/9,+9
2018/04/10,+12
2018/04/11,+13
2018/04/12,+6
2018/04/13,+7
2018/04/14,+8
2018/04/15,+9
2018/04/16,+15
2018/04/17,+16
2018/04/18,+18
2018/04/19,+12
2018/04/20,+11
2018/04/21,+7
2018/04/22,+7
2018/04/23,+3
2018/04/24,+5
2018/04/25,+8
2018/04/26,+8
2018/04/27,+15
2018/04/28,+15
2018/04/29,+15
2018/04/30,+16
2018/05/1,+19
2018/05/2,+27
2018/05/3,+27
2018/05/4,+20
2018/05/5,+16
2018/05/6,+21
2018/05/7,+17
2018/05/8,+21
2018/05/9,+23
2018/05/10,+12
2018/05/11,+14
2018/05/12,+22
2018/05/13,+23
2018/05/14,+25
2018/05/15,+26
2018/05/16,+26
2018/05/17,+23
2018/05/18,+27
2018/05/19,+24
2018/05/20,+25
2018/05/21,+18
2018/05/22,+22
2018/05/23,+25
2018/05/24,+26
2018/05/25,+15
2018/05/26,+13
2018/05/27,+19
2018/05/28,+15
2018/05/29,+17
2018/05/30,+24
2018/05/31,+14
2018/06/1,+7
2018/06/2,+13
2018/06/3,+17
2018/06/4,+25
2018/06/5,+28
2018/06/6,+19
2018/06/7,+15
2018/06/8,+18
2018/06/9,+13
2018/06/10,+16
2018/06/11,+16
2018/06/12,+19
2018/06/13,+22
2018/06/14,+21
2018/06/15,+19
2018/06/16,+21
2018/06/17,+24
2018/06/18,+26
2018/06/19,+29
2018/06/20,+27
2018/06/21,+24
2018/06/22,+25
2018/06/23,+28
2018/06/24,+31
2018/06/25,+33
2018/06/26,+32
2018/06/27,+29
2018/06/28,+28
2018/06/29,+29
2018/06/30,+31
2018/07/1,+33
2018/07/2,+34
2018/07/3,+36
2018/07/4,+30
2018/07/5,+28
2018/07/6,+26
2018/07/7,+27
2018/07/8,+29
2018/07/9,+27
2018/07/10,+26
2018/07/11,+27
2018/07/12,+27
2018/07/13,+25
2018/07/14,+28
2018/07/15,+31
2018/07/16,+28
2018/07/17,+19
2018/07/18,+23
2018/07/19,+30
2018/07/20,+29
2018/07/21,+19
2018/07/22,+22
2018/07/23,+23
2018/07/24,+28
2018/07/25,+31
2018/07/26,+33
2018/07/27,+32
2018/07/28,+32
2018/07/29,+27
2018/07/30,+19
2018/07/31,+26
2018/08/1,+29
2018/08/2,+29
2018/08/3,+29
2018/08/4,+30
2018/08/5,+31
2018/08/6,+30
2018/08/7,+27
2018/08/8,+21
2018/08/9,+19
2018/08/10,+22
2018/08/11,+29
2018/08/12,+30
2018/08/13,+30
2018/08/14,+24
2018/08/15,+25
2018/08/16,+30
2018/08/17,+21
2018/08/18,+20
2018/08/19,+20
2018/08/20,+23
2018/08/21,+29
2018/08/22,+17
2018/08/23,+19
2018/08/24,+23
2018/08/25,+23
2018/08/26,+23
2018/08/27,+25
2018/08/28,+25
2018/08/29,+27
2018/08/30,+29
2018/08/31,+29
2018/09/1,+29
2018/09/2,+25
2018/09/3,+23
2018/09/4,+22
2018/09/5,+25
2018/09/6,+24
2018/09/7,+23
2018/09/8,+23
2018/09/9,+25
2018/09/10,+23
2018/09/11,+21
2018/09/12,+23
2018/09/13,+24
2018/09/14,+18
2018/09/15,+23
2018/09/16,+26
2018/09/17,+19
2018/09/20,+17
2018/09/21,+16
2018/09/22,+22
2018/09/23,+24
2018/09/24,+17
2018/09/25,+19
2018/09/26,+12
2018/09/27,+11
2018/09/28,+14
2018/09/29,+15
2018/09/30,+10
2018/10/1,+13
2018/10/2,+15
2018/10/3,+20
2018/10/4,+15
2018/10/5,+9
2018/10/6,+8
2018/10/7,+17
2018/10/8,+18
2018/10/9,+7
2018/10/10,+15
2018/10/11,+11
2018/10/12,+8
2018/10/13,+9
2018/10/14,+7
2018/10/15,+9
2018/10/16,+18
2018/10/17,+15
2018/10/18,+12
2018/10/19,+17
2018/10/20,+13
2018/10/21,+8
2018/10/22,+9
2018/10/23,+10
2018/10/24,+11
2018/10/25,+12
2018/10/26,+7
2018/10/27,+4
2018/10/28,+7
2018/10/29,+3
2018/10/30,0
2018/10/31,+3
2018/11/1,+3
2018/11/2,+5
2018/11/3,+7
2018/11/4,+4
2018/11/5,+6
2018/11/6,+5
2018/11/7,+4
2018/11/8,+2
2018/11/9,+1
2018/11/10,-3
2018/11/11,-5
2018/11/12,-6
2018/11/13,-5
2018/11/14,-5
2018/11/15,-5
2018/11/16,-2
2018/11/17,0
2018/11/18,+3
2018/11/19,+1
2018/11/20,+1
2018/11/21,-2
2018/11/22,-3
2018/11/23,-7
2018/11/24,-5
2018/11/25,-4
2018/11/26,-5
2018/11/27,-4
2018/11/28,-8
2018/11/29,-11
2018/11/30,-8
2018/12/1,-9
2018/12/2,-10
2018/12/3,-3
2018/12/4,-3
2018/12/5,-5
2018/12/6,-7
2018/12/7,-6
2018/12/8,-2
2018/12/9,-3
2018/12/10,-3
2018/12/11,-5
2018/12/12,-7
2018/12/13,-2
2018/12/14,-3
2018/12/15,-1
2018/12/16,-8
2018/12/17,-6
2018/12/18,-8
2018/12/19,-9
2018/12/20,-10
2018/12/21,-13
2018/12/22,-15
2018/12/23,-11
2018/12/24,-9
2018/12/25,-12
2018/12/26,-8
2018/12/27,-5
2018/12/28,-4
2018/12/29,-10
2018/12/30,-13
2018/12/31,-16
2019/01/1,-18
2019/01/2,-6
2019/01/3,-7
2019/01/4,-9
2019/01/5,-10
2019/01/6,-8
2019/01/7,-15
2019/01/8,-17
2019/01/9,-14
2019/01/10,-9
2019/01/11,-12
2019/01/12,0
2019/01/13,-8
2019/01/14,-9
2019/01/15,-3
2019/01/16,-4
2019/01/17,-7
2019/01/18,-8
2019/01/19,-2
2019/01/20,-7
2019/01/21,-10
2019/01/22,-11
2019/01/23,-18
2019/01/24,-20
2019/01/25,-13
2019/01/26,-16
2019/01/27,-13
2019/01/28,-11
2019/01/29,-9
2019/01/30,-6
2019/01/31,-7
2019/02/1,-8
2019/02/2,-11
2019/02/3,-10
2019/02/4,-5
2019/02/5,-11
2019/02/6,-11
2019/02/7,-8
2019/02/8,-4
2019/02/9,-6
2019/02/10,-8
2019/02/11,-8
2019/02/12,-7
2019/02/13,-10
2019/02/14,-7
2019/02/15,-5
2019/02/16,+2
2019/02/17,-1
2019/02/18,-1
2019/02/19,-10
2019/02/20,-3
2019/02/21,-5
2019/02/22,-4
2019/02/23,-7
2019/02/24,-9
2019/02/25,-8
2019/02/26,-5
2019/02/27,-4
2019/02/28,-2
2019/03/1,-2
2019/03/2,-2
2019/03/3,-4
2019/03/4,-2
2019/03/5,-3
2019/03/6,+4
2019/03/7,-3
2019/03/8,-5
2019/03/9,0
2019/03/10,+1
2019/03/11,+2
2019/03/12,+2
2019/03/13,+1
2019/03/14,0
2019/03/15,0
2019/03/16,0
2019/03/17,+1
2019/03/18,+5
2019/03/19,+6
2019/03/20,+7
2019/03/21,+4
2019/03/22,+1
2019/03/23,+3
2019/03/24,+1
2019/03/25,+1
2019/03/26,+5
2019/03/27,+5
2019/03/28,+3
2019/03/29,+3
2019/03/30,+1
2019/03/31,+7
2019/04/1,+8
2019/04/2,+6
2019/04/3,+2
2019/04/4,+5
2019/04/5,+6
2019/04/6,+7
2019/04/7,+6
2019/04/8,+8
2019/04/9,+14
2019/04/10,+18
2019/04/11,+19
2019/04/12,+20
2019/04/13,+20
2019/04/14,+11
2019/04/15,+12
2019/04/16,+11
2019/04/17,+5
2019/04/18,+7
2019/04/19,+9
2019/04/20,+13
2019/04/21,+13
2019/04/22,+16
2019/04/23,+14
2019/04/24,+17
2019/04/25,+22
2019/04/26,+18
2019/04/27,+21
2019/04/28,+11
2019/04/29,+6
2019/04/30,+8
2019/05/1,+13
2019/05/2,+12
2019/05/3,+17
2019/05/4,+20
2019/05/5,+18
2019/05/6,+24
2019/05/7,+19
2019/05/8,+25
2019/05/9,+28
2019/05/10,+30
2019/05/11,+32
2019/05/12,+32
2019/05/13,+32
2019/05/14,+30
2019/05/15,+26
2019/05/16,+22
2019/05/17,+15
2019/05/18,+17
2019/05/19,+13
2019/05/20,+11
2019/05/21,+16
2019/05/22,+14
2019/05/23,+24
2019/05/24,+13
2019/05/25,+15
2019/05/26,+22
2019/05/27,+25
2019/05/28,+25
2019/05/29,+28
2019/05/30,+30
2019/05/31,+30
2019/06/1,+29
2019/06/2,+26
2019/06/3,+27
2019/06/4,+20
2019/06/5,+24
2019/06/6,+27
2019/06/7,+24
2019/06/8,+25
2019/06/9,+25
2019/06/10,+28
2019/06/11,+32
2019/06/12,+28
2019/06/13,+18
2019/06/14,+20
2019/06/15,+20
2019/06/16,+21
2019/06/17,+24
2019/06/18,+26
2019/06/19,+22
2019/06/20,+29
2019/06/21,+30
2019/06/22,+31
2019/06/23,+33
2019/06/24,+24
2019/06/25,+25
2019/06/26,+22
2019/06/27,+16
2019/06/28,+27
2019/06/29,+26
2019/06/30,+19
2019/07/1,+23
2019/07/2,+25
2019/07/3,+26
2019/07/4,+25
2019/07/5,+22
2019/07/6,+26
2019/07/7,+23
2019/07/8,+24
2019/07/9,+27
2019/07/10,+25
2019/07/11,+25
2019/07/12,+19
2019/07/13,+22
2019/07/14,+25
2019/07/15,+22
2019/07/16,+26
2019/07/17,+22
2019/07/18,+29
2019/07/19,+28
2019/07/20,+27
2019/07/21,+28
2019/07/22,+20
2019/07/23,+24
2019/07/24,+27
2019/07/25,+29
2019/07/26,+30
2019/07/27,+26
2019/07/28,+24
2019/07/29,+14
2019/07/30,+19
2019/07/31,+14
2019/08/1,+14
2019/08/2,+18
2019/08/3,+18
2019/08/4,+22
2019/08/5,+17
2019/08/6,+15
2019/08/7,+21
2019/08/8,+23
2019/08/9,+27
2019/08/10,+26
2019/08/11,+20
2019/08/12,+15
2019/08/13,+18
2019/08/14,+22
2019/08/15,+25
2019/08/16,+30
2019/08/17,+32
2019/08/18,+28
2019/08/19,+35
2019/08/20,+31
2019/08/21,+27
2019/08/22,+27
2019/08/23,+27
2019/08/24,+25
2019/08/25,+24
2019/08/26,+20
2019/08/27,+18
2019/08/28,+12
2019/08/29,+15
2019/08/30,+15
2019/08/31,+17
2019/09/1,+16
2019/09/2,+19
2019/09/3,+18
2019/09/4,+18
2019/09/5,+20
2019/09/6,+20
2019/09/7,+21
2019/09/8,+20
2019/09/9,+23
2019/09/10,+23
2019/09/11,+23
2019/09/12,+24
2019/09/13,+25
2019/09/14,+26
2019/09/15,+16
2019/09/16,+11
2019/09/17,+19
2019/09/18,+17
2019/09/19,+14
2019/09/20,+13
2019/09/21,+11
2019/09/22,+9
2019/09/23,+6
2019/09/24,+8
2019/09/25,+8
2019/09/26,+10
2019/09/27,+11
2019/09/28,+10
2019/09/29,+8
2019/09/30,+13
2019/10/1,+14
2019/10/2,+15
2019/10/3,+18
2019/10/4,+21
2019/10/5,+22
2019/10/6,+21
2019/10/7,+21
2019/10/8,+6
2019/10/9,+5
2019/10/10,+10
2019/10/11,+12
2019/10/12,+13
2019/10/13,+10
2019/10/14,+13
2019/10/15,+15
2019/10/16,+6
2019/10/17,+11
2019/10/18,+14
2019/10/19,+6
2019/10/20,+5
2019/10/21,+11
2019/10/22,+12
2019/10/23,+11
2019/10/24,+13
2019/10/25,+13
2019/10/26,+16
2019/10/27,+10
2019/10/28,+11
2019/10/29,+7
2019/10/30,+3
2019/10/31,-2
2019/11/1,-5
2019/11/2,-1
2019/11/3,-2
2019/11/4,+2
2019/11/5,+6
2019/11/6,+7
2019/11/7,+14
2019/11/8,+4
2019/11/9,-1
2019/11/10,0
2019/11/11,0
2019/11/12,+3
2019/11/13,+4
2019/11/14,0
2019/11/15,+1
2019/11/16,+4
2019/11/17,0
2019/11/18,+2
2019/11/19,0
2019/11/20,-10
2019/11/21,-9
2019/11/22,-4
2019/11/23,-3
2019/11/24,-4
2019/11/25,-6
2019/11/26,-5
2019/11/27,-7
2019/11/28,-4
2019/11/29,-5
2019/11/30,-4
2019/12/1,-2
2019/12/2,-5
2019/12/3,-6
2019/12/4,-5
2019/12/5,-3
2019/12/6,+1
2019/12/7,-1
2019/12/8,+2
2019/12/9,+1
2019/12/10,-3
2019/12/11,-3
2019/12/12,-4
2019/12/13,-9
2019/12/14,-10
2019/12/15,-5
2019/12/16,-5
2019/12/17,0
2019/12/18,+1
2019/12/19,+2
2019/12/20,-2
2019/12/21,-2
2019/12/22,-3
2019/12/23,-5
2019/12/24,-8
2019/12/25,-9
2019/12/26,-8
2019/12/27,-7
2019/12/28,-6
2019/12/29,-7
2019/12/30,-10
2019/12/31,-3
2020/01/1,-2
2020/01/2,-6
2020/01/3,-5
2020/01/4,-2
2020/01/5,-1
2020/01/6,0
2020/01/7,-2
2020/01/8,-4
2020/01/9,-3
2020/01/10,-4
2020/01/11,-2
2020/01/12,-3
2020/01/13,-4
2020/01/14,0
2020/01/15,-1
2020/01/16,+1
2020/01/17,+1
2020/01/18,+1
2020/01/19,0
2020/01/20,-1
2020/01/21,+1
2020/01/22,+1
2020/01/23,-2
2020/01/24,-7
2020/01/25,-1
2020/01/26,-2
2020/01/27,-2
2020/01/28,-10
2020/01/29,-8
2020/01/30,-2
2020/01/31,-1
2020/02/1,0
2020/02/2,-1
2020/02/3,+1
2020/02/4,0
2020/02/5,-2
2020/02/6,-6
2020/02/7,-7
2020/02/8,-12
2020/02/9,-12
2020/02/10,-7
2020/02/11,-5
2020/02/12,-5
2020/02/13,-5
2020/02/14,-6
2020/02/15,-5
2020/02/16,-5
2020/02/17,0
2020/02/18,+2
2020/02/19,+1
2020/02/20,+3
2020/02/21,+3
2020/02/22,-2
2020/02/23,-2
2020/02/24,+2
2020/02/25,0
2020/02/26,+1
2020/02/27,+3
2020/02/28,+3
2020/02/29,+4
2020/03/1,+3
2020/03/2,+5
2020/03/3,+4
2020/03/4,+1
2020/03/5,+2
2020/03/6,+1
2020/03/7,+3
2020/03/8,+3
2020/03/9,+5
2020/03/10,+8
2020/03/11,+12
2020/03/12,+10
2020/03/13,+10
2020/03/14,+1
2020/03/15,+2
2020/03/16,0
2020/03/17,+6
2020/03/18,+10
2020/03/19,+12
2020/03/20,+4
2020/03/21,0
2020/03/22,-3
2020/03/23,-2
2020/03/24,-2
2020/03/25,+3
2020/03/26,+5
2020/03/27,+11
2020/03/28,+9
2020/03/29,+14
2020/03/30,+15
2020/03/31,+17
2020/04/1,+4
2020/04/2,+7
2020/04/3,+12
2020/04/4,+16
2020/04/5,+7
2020/04/6,+5
2020/04/7,+6
2020/04/8,+9
2020/04/9,+17
2020/04/10,+14
2020/04/11,+14
2020/04/12,+4
2020/04/13,+1
2020/04/14,+15
2020/04/15,+16
2020/04/16,+7
2020/04/17,+9
2020/04/18,+7
2020/04/19,+10
2020/04/20,+15
2020/04/21,+10
2020/04/22,+6
2020/04/23,+7
2020/04/24,+6
2020/04/25,+18
2020/04/26,+19
2020/04/27,+18
2020/04/28,+9
2020/04/29,+14
2020/04/30,+22
2020/05/1,+23
2020/05/2,+15
2020/05/3,+19
2020/05/4,+23
2020/05/5,+25
2020/05/6,+18
2020/05/7,+26
2020/05/8,+28
2020/05/9,+27
2020/05/10,+19
2020/05/11,+19
2020/05/12,+21
2020/05/13,+19
2020/05/14,+15
2020/05/15,+11
2020/05/16,+14
2020/05/17,+17
2020/05/18,+18
2020/05/19,+8
2020/05/20,+12
2020/05/21,+18
2020/05/22,+16
2020/05/23,+18
2020/05/24,+16
2020/05/25,+19
2020/05/26,+23
2020/05/27,+25
2020/05/28,+22
2020/05/29,+26
2020/05/30,+29
2020/05/31,+24
2020/06/1,+23
2020/06/2,+16
2020/06/3,+23
2020/06/4,+17
2020/06/5,+26
2020/06/6,+18
2020/06/7,+22
2020/06/8,+21
2020/06/9,+19
2020/06/10,+26
2020/06/11,+26
2020/06/12,+28
2020/06/13,+21
2020/06/14,+20
2020/06/15,+23
2020/06/16,+26
2020/06/17,+28
2020/06/18,+26
2020/06/19,+23
2020/06/20,+28
2020/06/21,+22
2020/06/22,+19
2020/06/23,+20
2020/06/24,+16
2020/06/25,+16
2020/06/26,+20
2020/06/27,+27
2020/06/28,+22
2020/06/29,+22
2020/06/30,+18
2020/07/1,+22
2020/07/2,+26
2020/07/3,+29
2020/07/4,+32
2020/07/5,+31
2020/07/6,+34
2020/07/7,+37
2020/07/8,+35
2020/07/9,+35
2020/07/10,+31
2020/07/11,+28
2020/07/12,+33
2020/07/13,+34
2020/07/14,+35
2020/07/15,+30
2020/07/16,+23
2020/07/17,+29
2020/07/18,+28
2020/07/19,+27
2020/07/20,+27
2020/07/21,+29
2020/07/22,+29
2020/07/23,+26
2020/07/24,+24
2020/07/25,+24
2020/07/26,+24
2020/07/27,+25
2020/07/28,+28
2020/07/29,+28
2020/07/30,+32
2020/07/31,+24
2020/08/1,+23
2020/08/2,+22
2020/08/3,+23
2020/08/4,+16
2020/08/5,+32
2020/08/6,+33
2020/08/7,+30
2020/08/8,+23
2020/08/9,+22
2020/08/10,+20
2020/08/11,+23
2020/08/12,+24
2020/08/13,+24
2020/08/14,+21
2020/08/15,+18
2020/08/16,+14
2020/08/17,+17
2020/08/18,+19
2020/08/19,+19
2020/08/20,+19
2020/08/21,+18
2020/08/22,+18
2020/08/23,+23
2020/08/24,+26
2020/08/25,+28
2020/08/26,+29
2020/08/27,+28
2020/08/28,+30
2020/08/29,+21
2020/08/30,+22
2020/08/31,+27
2020/09/1,+31
2020/09/2,+18
2020/09/3,+20
2020/09/4,+20
2020/09/5,+21
2020/09/6,+21
2020/09/7,+25
2020/09/8,+27
2020/09/9,+12
2020/09/10,+17
2020/09/11,+18
2020/09/12,+17
2020/09/13,+19
2020/09/14,+13
2020/09/15,+15
2020/09/16,+11
2020/09/17,+15
2020/09/18,+20
2020/09/19,+11
2020/09/20,+10
2020/09/21,+11
2020/09/22,+16
2020/09/23,+19
2020/09/24,+18
2020/09/25,+19
2020/09/26,+19
2020/09/27,+19
2020/09/28,+18
2020/09/29,+20
2020/09/30,+21
2020/10/1,+20
2020/10/2,+20
2020/10/3,+20
2020/10/4,+14
2020/10/5,+14
2020/10/6,+14
2020/10/7,+18
2020/10/8,+15
2020/10/9,+15
2020/10/10,+15
2020/10/11,+15
2020/10/12,+18
2020/10/13,+19
2020/10/14,+19
2020/10/15,+21
2020/10/16,+16
2020/10/17,+8
2020/10/18,+12
2020/10/19,+13
2020/10/20,+10
2020/10/21,+3
2020/10/22,+4
2020/10/23,+4
2020/10/24,+14
2020/10/25,+9
2020/10/26,+4
2020/10/27,+4
2020/10/28,+5
2020/10/29,+6
2020/10/30,+7
2020/10/31,+6
2020/11/1,+8
2020/11/2,+8
2020/11/3,+7
2020/11/4,+7
2020/11/5,+4
2020/11/6,+6
2020/11/7,+4
2020/11/8,+7
2020/11/9,+2
2020/11/10,+1
2020/11/11,+1
2020/11/12,0
2020/11/13,0
2020/11/14,-5
2020/11/15,-7
2020/11/16,-8
2020/11/17,-6
2020/11/18,-6
2020/11/19,-5
2020/11/20,-5
2020/11/21,-6
2020/11/22,-6
2020/11/23,-5
2020/11/24,-1
2020/11/25,-3
2020/11/26,-4
2020/11/27,-5
2020/11/28,-1
2020/11/29,-2
2020/11/30,-9
2020/12/1,-7
2020/12/2,-13
2020/12/3,-12
2020/12/4,-11
2020/12/5,-12
2020/12/6,-13
2020/12/7,-6
2020/12/8,-5
2020/12/9,-7
2020/12/10,-8
2020/12/11,-14
2020/12/12,-10
2020/12/13,-15
2020/12/14,-14
2020/12/15,-13
2020/12/16,-8
2020/12/17,-7
2020/12/18,0
2020/12/19,-13
2020/12/20,-14
2020/12/21,-15
2020/12/22,-9
2020/12/23,-9
2020/12/24,-9
2020/12/25,-10
2020/12/26,-11
2020/12/27,-3
2020/12/28,-4
2020/12/29,-8
2020/12/30,-9
2020/12/31,-10
2021/01/1,-9
2021/01/2,-12
2021/01/3,-6
2021/01/4,-4
2021/01/5,-6
2021/01/6,-13
2021/01/7,-12
2021/01/8,-8
2021/01/9,-3
2021/01/10,-3
2021/01/11,-15
2021/01/12,-17
2021/01/13,-17
2021/01/14,-11
2021/01/15,-6
2021/01/16,-7
2021/01/17,-14
2021/01/18,-18
2021/01/19,-16
2021/01/20,-19
2021/01/21,-14
2021/01/22,-10
2021/01/23,-9
2021/01/24,+3
2021/01/25,-2
2021/01/26,-7
2021/01/27,-7
2021/01/28,-7
2021/01/29,-3
2021/01/30,-3
2021/01/31,-3
2021/02/1,-2
2021/02/2,+1
2021/02/3,-6
2021/02/4,+2
2021/02/5,+1
2021/02/6,-10
2021/02/7,-18
2021/02/8,-19
2021/02/9,-17
2021/02/10,-15
2021/02/11,-10
2021/02/12,-6
2021/02/13,-1
2021/02/14,-10
2021/02/15,-15
2021/02/16,-16
2021/02/17,-16
2021/02/18,-13
2021/02/19,-15
2021/02/20,-15
2021/02/21,-16
2021/02/22,-17
2021/02/23,-24
2021/02/24,-19
2021/02/25,-19
2021/02/26,-13
2021/02/27,+3
2021/02/28,-12
2021/03/1,-9
2021/03/2,-3
2021/03/3,0
2021/03/4,-2
2021/03/5,-1
2021/03/6,-4
2021/03/7,-5
2021/03/8,-1
2021/03/9,-2
2021/03/10,-12
2021/03/11,-10
2021/03/12,-4
2021/03/13,-7
2021/03/14,-5
2021/03/15,-3
2021/03/16,-3
2021/03/17,-3
2021/03/18,0
2021/03/19,0
2021/03/20,-1
2021/03/21,0
2021/03/22,+1
2021/03/23,+3
2021/03/24,+2
2021/03/25,+4
2021/03/26,+6
2021/03/27,+5
2021/03/28,+4
2021/03/29,+6
2021/03/30,+9
2021/03/31,+5
2021/04/1,+6
2021/04/2,+9
2021/04/3,+7
2021/04/4,+6
2021/04/5,+8
2021/04/6,+2
2021/04/7,+8
2021/04/8,+13
2021/04/9,+5
2021/04/10,+16
2021/04/11,+19
2021/04/12,+22
2021/04/13,+23
2021/04/14,+21
2021/04/15,+24
2021/04/16,+25
2021/04/17,+22
2021/04/18,+18
2021/04/19,+12
2021/04/20,+12
2021/04/21,+3
2021/04/22,+11
2021/04/23,+15
2021/04/24,+10
2021/04/25,+8
2021/04/26,+15
2021/04/27,+8
2021/04/28,+12
2021/04/29,+14
2021/04/30,+16
2021/05/1,+16
2021/05/2,+18
2021/05/3,+24
2021/05/4,+26
2021/05/5,+11
2021/05/6,+21
2021/05/7,+22
2021/05/8,+22
2021/05/9,+25
2021/05/10,+26
2021/05/11,+25
2021/05/12,+23
2021/05/13,+28
2021/05/14,+32
2021/05/15,+33
2021/05/16,+33
2021/05/17,+33
2021/05/18,+33
2021/05/19,+31
2021/05/20,+19
2021/05/21,+26
2021/05/22,+34
2021/05/23,+35
2021/05/24,+24
2021/05/25,+24
2021/05/26,+23
2021/05/27,+24
2021/05/28,+29
2021/05/29,+26
2021/05/30,+28
2021/05/31,+16
2021/06/1,+23
2021/06/2,+21
2021/06/3,+19
2021/06/4,+13
2021/06/5,+22
2021/06/6,+25
2021/06/7,+26
2021/06/8,+28
2021/06/9,+28
2021/06/10,+22
2021/06/11,+25
2021/06/12,+21
2021/06/13,+27
2021/06/14,+29
2021/06/15,+29
2021/06/16,+29
2021/06/17,+25
2021/06/18,+22
2021/06/19,+25
2021/06/20,+31
2021/06/21,+32
2021/06/22,+33
2021/06/23,+34
2021/06/24,+26
2021/06/25,+34
2021/06/26,+35
2021/06/27,+33
2021/06/28,+34
2021/06/29,+36
2021/06/30,+31
2021/07/1,+28
2021/07/2,+26
2021/07/3,+29
2021/07/4,+27
2021/07/5,+22
2021/07/6,+26
2021/07/7,+27
2021/07/8,+29
2021/07/9,+32
2021/07/10,+33
2021/07/11,+27
2021/07/12,+26
2021/07/13,+30
2021/07/14,+30
2021/07/16,+30
2021/07/17,+32
2021/07/18,+33
2021/07/19,+34
2021/07/20,+25
2021/07/21,+30
2021/07/22,+21
2021/07/23,+24
2021/07/24,+26
2021/07/25,+23
2021/07/26,+24
2021/07/27,+27
2021/07/28,+26
2021/07/29,+23
2021/07/30,+29
2021/07/31,+30
2021/08/1,+32
2021/08/2,+34
2021/08/3,+37
2021/08/4,+34
2021/08/5,+27
2021/08/6,+28
2021/08/7,+30
2021/08/8,+28
2021/08/9,+30
2021/08/10,+32
2021/08/11,+30
2021/08/12,+32
2021/08/13,+32
2021/08/14,+32
2021/08/15,+28
2021/08/16,+35
2021/08/17,+34
2021/08/18,+34
2021/08/19,+38
2021/08/20,+39
2021/08/21,+38
2021/08/22,+35
2021/08/23,+29
2021/08/24,+35
2021/08/25,+26
2021/08/26,+26
2021/08/27,+25
2021/08/28,+23
2021/08/29,+22
2021/08/30,+24
2021/08/31,+28
2021/09/1,+30
2021/09/2,+17
2021/09/3,+16
2021/09/4,+14
2021/09/5,+15
2021/09/6,+13
2021/09/7,+15
2021/09/8,+17
2021/09/9,+16
2021/09/10,+16
2021/09/11,+16
2021/09/12,+21
2021/09/13,+24
2021/09/14,+25
2021/09/15,+17
2021/09/16,+13
2021/09/17,+9
2021/09/18,+11
2021/09/19,+12
2021/09/20,+13
2021/09/21,+11
2021/09/22,+10
2021/09/23,+9
2021/09/24,+8
2021/09/25,+14
2021/09/26,+15
2021/09/27,+12
2021/09/28,+10
2021/09/29,+9
2021/09/30,+10
2021/10/1,+13
2021/10/2,+11
2021/10/3,+10
2021/10/4,+11
2021/10/5,+9
2021/10/6,+9
2021/10/7,+10
2021/10/8,+13
2021/10/9,+14
2021/10/10,+14
2021/10/11,+12
2021/10/12,+14
2021/10/13,+16
2021/10/14,+14
2021/10/15,+10
2021/10/16,+11
2021/10/17,+11
2021/10/18,+9
2021/10/19,+7
2021/10/20,+4
2021/10/21,+3
2021/10/24,+9
2021/10/25,+4
2021/10/26,+3
2021/10/27,+8
2021/10/28,+8
2021/10/29,+2
2021/10/30,+7
2021/10/31,+11
2021/11/1,+10
2021/11/2,+6
2021/11/3,+2
2021/11/4,+1
2021/11/5,+2
2021/11/6,+6
2021/11/7,+6
2021/11/8,+5
2021/11/9,+8
2021/11/10,-3
2021/11/11,-1
2021/11/12,0
2021/11/13,-1
2021/11/14,0
2021/11/15,-5
2021/11/16,-5
2021/11/17,0
2021/11/18,0
2021/11/19,-3
2021/11/20,0
2021/11/21,+1
2021/11/22,+1
2021/11/23,-4
2021/11/24,-7
2021/11/25,-1
2021/11/26,+1
2021/11/27,-1
2021/11/28,-1
2021/11/29,+1
2021/11/30,+2
2021/12/1,+2
2021/12/2,-1
2021/12/3,+2
2021/12/4,+4
2021/12/5,-2
2021/12/6,-4
2021/12/7,-10
2021/12/8,0
2021/12/9,-2
2021/12/10,-2
2021/12/11,-7
2021/12/12,-4
2021/12/13,-7
2021/12/14,-4
2021/12/15,-5
2021/12/16,-3
2021/12/17,-2
2021/12/18,-2
2021/12/19,-3
2021/12/20,0
2021/12/21,-2
2021/12/22,-13
2021/12/23,-19
2021/12/24,-21
2021/12/25,-13
2021/12/26,-7
2021/12/27,-11
2021/12/28,-15
2021/12/29,-20
2021/12/30,-12
2021/12/31,-8
2022/01/1,-4
2022/01/2,-3
2022/01/3,-11
2022/01/4,-15
2022/01/5,-16
2022/01/6,-7
2022/01/7,0
2022/01/8,-8
2022/01/9,-11
2022/01/10,-12
2022/01/11,-8
2022/01/12,-7
2022/01/13,-9
2022/01/14,-15
2022/01/15,-10
2022/01/16,-6
2022/01/17,-6
2022/01/18,-2
2022/01/19,-5
2022/01/20,-9
2022/01/21,-11
2022/01/22,-7
2022/01/23,-10
2022/01/24,-11
2022/01/25,-14
2022/01/26,-11
2022/01/27,-8
2022/01/28,-7
2022/01/29,-12
2022/01/30,-2
2022/01/31,-3
2022/02/1,0
2022/02/2,-2
2022/02/3,0
2022/02/4,-2
2022/02/5,-4
2022/02/6,-3
2022/02/7,-5
2022/02/8,-5
2022/02/9,-2
2022/02/10,-6
2022/02/11,-1
2022/02/12,+1
2022/02/13,-4
2022/02/14,-2
2022/02/15,-4
2022/02/16,-7
2022/02/17,-11
2022/02/18,-5
2022/02/19,-5
2022/02/20,+1
2022/02/21,+1
2022/02/22,0
2022/02/23,+1
2022/02/24,+1
2022/02/25,-2
2022/02/26,-1
2022/02/27,+1
2022/02/28,+2
2022/03/1,+1
2022/03/2,-5
2022/03/3,-5
2022/03/4,-2
2022/03/5,-2
2022/03/6,-9
2022/03/7,-3
2022/03/8,-7
2022/03/9,-7
2022/03/10,-6
2022/03/11,-7
2022/03/12,-7
2022/03/13,-5
2022/03/14,-8
2022/03/15,-6
2022/03/16,-8
2022/03/17,-3
2022/03/18,0
2022/03/19,+2
2022/03/20,+5
2022/03/21,0
2022/03/22,+5
2022/03/23,+7
2022/03/24,+6
2022/03/25,+7
2022/03/26,+5
2022/03/27,+1
2022/03/28,-3
2022/03/29,+5
2022/03/30,+4
2022/03/31,+1
2022/04/1,+7
2022/04/2,+9
2022/04/3,+11
2022/04/4,+5
2022/04/5,+4
2022/04/6,+7
2022/04/7,+8
2022/04/8,+16
2022/04/9,+8
2022/04/10,+11
2022/04/11,+16
2022/04/12,+14
2022/04/13,+15
2022/04/14,+11
2022/04/15,+5
2022/04/16,+11
2022/04/17,+16
2022/04/18,+18
2022/04/19,+21
2022/04/20,+17
2022/04/21,+9
2022/04/22,+15
2022/04/23,+13
2022/04/24,+14
2022/04/25,+19
2022/04/26,+23
2022/04/27,+17
2022/04/28,+14
2022/04/29,+10
2022/04/30,+13
2022/05/1,+8
2022/05/2,+13
2022/05/3,+17
2022/05/4,+19
2022/05/5,+7
2022/05/6,+11
2022/05/7,+15
2022/05/8,+18
2022/05/9,+19
2022/05/10,+9
2022/05/11,+12
2022/05/12,+10
2022/05/13,+16
2022/05/14,+17
2022/05/15,+16
2022/05/16,+17
2022/05/17,+14
2022/05/18,+11
2022/05/19,+12
2022/05/20,+12
2022/05/21,+10
2022/05/22,+14
2022/05/23,+13
2022/05/24,+16
2022/05/25,+11
2022/05/26,+16
2022/05/27,+19
2022/05/28,+19
2022/05/29,+19
2022/05/30,+21
2022/05/31,+23
2022/06/1,+23
2022/06/2,+25
2022/06/3,+27
2022/06/4,+19
2022/06/5,+24
2022/06/6,+16
2022/06/7,+15
2022/06/8,+12
2022/06/9,+17
2022/06/10,+26
2022/06/11,+25
2022/06/12,+19
2022/06/13,+21
2022/06/14,+26
2022/06/15,+28
2022/06/16,+25
2022/06/17,+23
2022/06/18,+25
2022/06/19,+23
2022/06/20,+21
2022/06/21,+22
2022/06/22,+28
2022/06/23,+24
2022/06/24,+23
2022/06/25,+27
2022/06/26,+23
2022/06/27,+26
2022/06/28,+19
2022/06/29,+17
2022/06/30,+22
2022/07/1,+15
2022/07/2,+25
2022/07/3,+21
2022/07/4,+21
2022/07/5,+20
2022/07/6,+25
2022/07/7,+29
2022/07/8,+30
2022/07/9,+30
2022/07/10,+31
2022/07/11,+32
2022/07/12,+27
2022/07/13,+31
2022/07/14,+27
2022/07/15,+25
2022/07/16,+27
2022/07/17,+28
2022/07/18,+31
2022/07/19,+23
2022/07/20,+22
2022/07/21,+26
2022/07/22,+26
2022/07/23,+26
2022/07/24,+30
2022/07/25,+19
2022/07/26,+28
2022/07/27,+30
2022/07/28,+29
2022/07/29,+27
2022/07/30,+28
2022/07/31,+26
2022/08/1,+28
2022/08/2,+27
2022/08/3,+28
2022/08/4,+30
2022/08/5,+31
2022/08/6,+30
2022/08/7,+31
2022/08/8,+32
2022/08/9,+30
2022/08/10,+32
2022/08/11,+29
2022/08/12,+27
2022/08/13,+29
2022/08/14,+29
2022/08/15,+27
2022/08/16,+28
2022/08/17,+29
2022/08/18,+27
2022/08/19,+25
2022/08/20,+26
2022/08/21,+30
2022/08/22,+30
2022/08/23,+32
2022/08/24,+32
2022/08/25,+31
2022/08/26,+32
2022/08/27,+32
2022/08/28,+32
2022/08/29,+32
2022/08/30,+34
2022/08/31,+31
2022/09/1,+25
2022/09/2,+21
2022/09/3,+17
2022/09/4,+13
2022/09/5,+14
2022/09/6,+10
2022/09/7,+14
2022/09/8,+13
2022/09/9,+13
2022/09/10,+12
2022/09/11,+13
2022/09/12,+14
2022/09/13,+18
2022/09/14,+18
2022/09/15,+16
2022/09/16,+18
2022/09/17,+20
2022/09/18,+21
2022/09/19,+27
2022/09/20,+16
2022/09/21,+17
2022/09/22,+26
2022/09/23,+24
2022/09/24,+17
2022/09/25,+11
2022/09/26,+11
2022/09/27,+13
2022/09/28,+10
2022/09/29,+12
2022/09/30,+11
2022/10/1,+14
2022/10/2,+16
2022/10/3,+19
2022/10/4,+15
2022/10/5,+8
2022/10/6,+11
2022/10/7,+11
2022/10/8,+15
2022/10/9,+16
2022/10/10,+17
2022/10/11,+10
2022/10/12,+11
2022/10/13,+12
2022/10/14,+7
2022/10/15,+7
2022/10/16,+10
2022/10/17,+10
2022/10/18,+8
2022/10/19,+10
2022/10/20,+8
2022/10/21,+7
2022/10/22,+5
2022/10/23,+3
2022/10/24,+6
2022/10/25,+3
2022/10/26,+3
2022/10/27,+4
2022/10/28,+3
2022/10/29,+3
2022/10/30,+4
2022/10/31,+3
2022/11/1,+1
2022/11/2,0
2022/11/3,+1
2022/11/4,+2
2022/11/5,+3
2022/11/6,+2
2022/11/7,+1
2022/11/9,+5
2022/11/10,+6
2022/11/11,+6
2022/11/12,+6
2022/11/13,+6
2022/11/14,-2
2022/11/15,-4
2022/11/16,-2
2022/11/17,-2
2022/11/18,0
2022/11/19,+1
2022/11/20,0
2022/11/21,-2
2022/11/22,-1
2022/11/23,0
2022/11/24,+1
2022/11/25,+1
2022/11/26,-4
2022/11/27,-7
2022/11/28,-5
2022/11/29,-7
2022/11/30,-10
2022/12/1,-7
2022/12/2,-10
2022/12/3,-12
2022/12/4,-10
2022/12/5,-12
2022/12/6,-10
2022/12/7,-13
2022/12/8,-13
2022/12/9,-10
2022/12/10,-7
2022/12/11,-6
2022/12/12,-6
2022/12/13,-6
2022/12/14,-5
2022/12/15,-5
2022/12/16,-4
2022/12/17,-3
2022/12/18,+1
2022/12/19,-6
2022/12/20,-8
2022/12/21,-5
2022/12/22,-2
2022/12/23,+1
2022/12/24,-2
2022/12/25,-7
2022/12/26,-4
2022/12/27,-3
2022/12/28,-6
2022/12/29,-7
2022/12/30,-6
2022/12/31,-3
2023/01/1,0
2023/01/2,+2
2023/01/3,-1
2023/01/4,-2
2023/01/5,-6
2023/01/6,-13
2023/01/7,-24
2023/01/8,-22
2023/01/9,-25
2023/01/10,-23
2023/01/11,-21
2023/01/12,-15
2023/01/13,-14
2023/01/14,-12
2023/01/15,-10
2023/01/16,-12
2023/01/17,-12
2023/01/18,-10
2023/01/19,-9
2023/01/20,-10
2023/01/21,-9
2023/01/22,-7
2023/01/23,-7
2023/01/24,-6
2023/01/25,-7
2023/01/26,-3
2023/01/27,-5
2023/01/28,-6
2023/01/29,-9
2023/01/30,-4
2023/01/31,-2
2023/02/1,-8
2023/02/2,-5
2023/02/3,-7
2023/02/4,-7
2023/02/5,-6
2023/02/6,-6
2023/02/7,-9
2023/02/8,-9
2023/02/9,-6
2023/02/10,-7
2023/02/11,-4
2023/02/12,-6
2023/02/13,-3
2023/02/14,-7
2023/02/15,-8
2023/02/16,-2
2023/02/17,-5
2023/02/18,-6
2023/02/19,-12
2023/02/20,-10
2023/02/21,-3
2023/02/22,-4
2023/02/23,-11
2023/02/24,-10
2023/02/25,-3
2023/02/26,+1
2023/02/27,+3
2023/02/28,-2
2023/03/1,-3
2023/03/2,-4
2023/03/3,-2
2023/03/4,0
2023/03/5,0
2023/03/6,+1
2023/03/7,-1
2023/03/8,+1
2023/03/9,+2
2023/03/10,+4
2023/03/11,+2
2023/03/12,+4
2023/03/13,+2
2023/03/14,+2
2023/03/15,+5
2023/03/16,+7
2023/03/17,+10
2023/03/18,+1
2023/03/19,+2
2023/03/20,+1
2023/03/21,+11
2023/03/22,+10
2023/03/23,+9
2023/03/24,+14
2023/03/25,+13
2023/03/26,+18
2023/03/27,+16
2023/03/28,+13
2023/03/29,+10
2023/03/30,+12
2023/03/31,+6
2023/04/1,+10
2023/04/2,+16
2023/04/3,+16
2023/04/4,+18
2023/04/5,+19
2023/04/6,+17
2023/04/7,+10
2023/04/8,+10
2023/04/9,+13
2023/04/10,+15
2023/04/11,+16
2023/04/12,+18
2023/04/13,+20
2023/04/14,+7
2023/04/15,+7
2023/04/16,+13
2023/04/17,+13
2023/04/18,+16
2023/04/19,+18
2023/04/20,+18
2023/04/21,+16
2023/04/22,+12
2023/04/23,+18
2023/04/24,+21
2023/04/25,+18
2023/04/26,+18
2023/04/27,+22
2023/04/28,+23
2023/04/29,+25
2023/04/30,+27
2023/05/1,+30
2023/05/2,+21
2023/05/3,+19
2023/05/4,+17
2023/05/5,+23
2023/05/6,+11
2023/05/7,+11
2023/05/8,+11
2023/05/9,+14
2023/05/10,+18
2023/05/11,+19
2023/05/12,+11
2023/05/13,+21
2023/05/14,+18
2023/05/15,+19
2023/05/16,+21
2023/05/17,+25
2023/05/18,+23
2023/05/19,+21
2023/05/20,+19
2023/05/21,+25
2023/05/22,+27
2023/05/23,+28
2023/05/24,+29
2023/05/25,+31
2023/05/26,+30
2023/05/27,+27
2023/05/28,+30
2023/05/29,+25
2023/05/30,+28
2023/05/31,+29
2023/06/1,+25
2023/06/2,+26
2023/06/3,+26
2023/06/4,+24
2023/06/5,+21
2023/06/6,+20
2023/06/7,+21
2023/06/8,+24
2023/06/9,+24
2023/06/10,+18
2023/06/11,+16
2023/06/12,+13
2023/06/13,+21
2023/06/14,+23
2023/06/15,+24
2023/06/16,+21
2023/06/17,+28
2023/06/18,+20
2023/06/19,+15
2023/06/20,+17
2023/06/21,+16
2023/06/22,+16
2023/06/23,+17
2023/06/24,+20
2023/06/25,+20
2023/06/26,+22
2023/06/27,+24
2023/06/28,+23
2023/06/29,+28
2023/06/30,+31
2023/07/1,+21
2023/07/2,+23
2023/07/3,+28
2023/07/4,+29
2023/07/5,+31
2023/07/6,+30
2023/07/7,+31
2023/07/8,+32
2023/07/9,+33
2023/07/10,+35
2023/07/11,+29
2023/07/12,+19
2023/07/13,+17
2023/07/14,+21
2023/07/15,+24
2023/07/16,+16
2023/07/17,+17
2023/07/18,+20
2023/07/19,+20
2023/07/20,+23
2023/07/21,+25
2023/07/22,+24
2023/07/23,+24
2023/07/24,+25
2023/07/25,+27
2023/07/26,+30
2023/07/27,+32
2023/07/28,+35
2023/07/29,+34
2023/07/30,+26
2023/07/31,+22
2023/08/1,+28
2023/08/2,+29
2023/08/3,+25
2023/08/4,+30
2023/08/5,+33
2023/08/6,+30
2023/08/7,+29
2023/08/8,+30
2023/08/9,+29
2023/08/10,+32
2023/08/11,+31
2023/08/12,+29
2023/08/13,+30
2023/08/14,+27
2023/08/15,+28
2023/08/16,+22
2023/08/17,+30
2023/08/18,+33
2023/08/19,+31
2023/08/20,+27
2023/08/21,+25
2023/08/22,+16
2023/08/23,+21
2023/08/24,+15
2023/08/25,+18
2023/08/26,+16
2023/08/27,+17
2023/08/28,+13
2023/08/29,+20
2023/08/30,+20
2023/08/31,+21
2023/09/1,+24
2023/09/2,+23
2023/09/3,+24
2023/09/4,+24
2023/09/5,+22
2023/09/6,+25
2023/09/7,+16
2023/09/8,+15
2023/09/9,+10
2023/09/10,+20
2023/09/11,+11
2023/09/12,+16
2023/09/13,+20
2023/09/14,+22
2023/09/15,+21
2023/09/16,+22
2023/09/17,+23
2023/09/18,+22
2023/09/19,+19
2023/09/20,+19
2023/09/21,+24
2023/09/22,+25
2023/09/23,+26
2023/09/24,+26
2023/09/25,+25
2023/09/26,+21
2023/09/27,+19
2023/09/28,+18
2023/09/29,+20
2023/09/30,+17
2023/10/1,+20
2023/10/2,+21
2023/10/3,+19
2023/10/4,+16
2023/10/5,+15
2023/10/6,+15
2023/10/7,+11
2023/10/8,+11
2023/10/9,+7
2023/10/10,+6
2023/10/11,+6
2023/10/12,+9
2023/10/13,+7
2023/10/14,+13
2023/10/15,+17
2023/10/16,+17
2023/10/17,+8
2023/10/18,+7
2023/10/19,+9
2023/10/20,+8
2023/10/21,+3
2023/10/22,+5
2023/10/23,+5
2023/10/24,+11
2023/10/25,-1
2023/10/26,+1
2023/10/27,-1
2023/10/28,+2
2023/10/29,+6
2023/10/30,+2
2023/10/31,+11
2023/11/1,+12
2023/11/2,+13
2023/11/3,+6
2023/11/4,+5
2023/11/5,+6
2023/11/6,+8
2023/11/7,+8
2023/11/8,+9
2023/11/15,+5
2023/11/16,+4
2023/11/17,+2
2023/11/18,-5
2023/11/19,-5
2023/11/20,-3
2023/11/21,+1
2023/11/22,-6
2023/11/23,-10
2023/11/24,-6
2023/11/25,+2
2023/11/26,+2
2023/11/27,+2
2023/11/28,+1
2023/11/29,-1
2023/11/30,-4
2023/12/1,-1
2023/12/2,-1
2023/12/3,-6
2023/12/4,0
2023/12/5,-7
2023/12/6,-9
2023/12/7,-10
